geocod,geodsg,ind_string,valor,period,sinal_conv,sinal_conv_desc
1A0111127,União das freguesias de São João das Lampas e Terrugem,"4,87",4.87,1.º Trimestre de 2020,,
1A0111128,"União das freguesias de Sintra (Santa Maria e São Miguel, São Martinho e São Pedro de Penaferrim)","7,53",7.53,1.º Trimestre de 2020,,
1A0111408,Vialonga,"6,15",6.15,1.º Trimestre de 2020,,
1A0111409,Vila Franca de Xira,"6,37",6.37,1.º Trimestre de 2020,,
1A0111412,"União das freguesias de Alhandra, São João dos Montes e Calhandriz","5,20",5.2,1.º Trimestre de 2020,,
1A0111413,União das freguesias de Alverca do Ribatejo e Sobralinho,"6,83",6.83,1.º Trimestre de 2020,,
1A0111414,União das freguesias de Castanheira do Ribatejo e Cachoeiras,"5,00",5,1.º Trimestre de 2020,,
1A0111415,União das freguesias de Póvoa de Santa Iria e Forte da Casa,"6,53",6.53,1.º Trimestre de 2020,,
1A0111512,Alfragide,"8,62",8.62,1.º Trimestre de 2020,,
1111605,Paredes de Coura,"2,75",2.75,1.º Trimestre de 2020,,
1A,Grande Lisboa,"9,26",9.26,1.º Trimestre de 2020,,
1C,Alentejo,"3,62",3.62,1.º Trimestre de 2020,,
1D,Oeste e Vale do Tejo,"3,99",3.99,1.º Trimestre de 2020,,
11,Norte,"4,64",4.64,1.º Trimestre de 2020,,
111,Alto Minho,"3,83",3.83,1.º Trimestre de 2020,,
112,Cávado,"4,83",4.83,1.º Trimestre de 2020,,
11A010914,Milheirós de Poiares,-,,1.º Trimestre de 2020,-,Dado nulo ou não aplicável
11A010916,Mozelos,"3,80",3.8,1.º Trimestre de 2020,,
11A010922,Romariz,-,,1.º Trimestre de 2020,-,Dado nulo ou não aplicável
11A010925,Santa Maria de Lamas,"3,65",3.65,1.º Trimestre de 2020,,
11A010917,Nogueira da Regedoura,"3,98",3.98,1.º Trimestre de 2020,,
11A010918,São Paio de Oleiros,-,,1.º Trimestre de 2020,-,Dado nulo ou não aplicável
11A010919,Paços de Brandão,"3,33",3.33,1.º Trimestre de 2020,,
11A010921,Rio Meão,"3,26",3.26,1.º Trimestre de 2020,,
11A010924,Sanguedo,-,,1.º Trimestre de 2020,-,Dado nulo ou não aplicável
11A011301,Carregosa,-,,1.º Trimestre de 2020,-,Dado nulo ou não aplicável
11A011302,Cesar,"3,18",3.18,1.º Trimestre de 2020,,
11A011303,Fajões,-,,1.º Trimestre de 2020,-,Dado nulo ou não aplicável
11A011304,Loureiro,-,,1.º Trimestre de 2020,-,Dado nulo ou não aplicável
11A011305,Macieira de Sarnes,-,,1.º Trimestre de 2020,-,Dado nulo ou não aplicável
11A011310,Ossela,-,,1.º Trimestre de 2020,-,Dado nulo ou não aplicável
11A011315,São Martinho da Gândara,-,,1.º Trimestre de 2020,-,Dado nulo ou não aplicável
11A011318,São Roque,-,,1.º Trimestre de 2020,-,Dado nulo ou não aplicável
11A011319,Vila de Cucujães,"3,59",3.59,1.º Trimestre de 2020,,
11A011320,União das freguesias de Nogueira do Cravo e Pindelo,"2,90",2.9,1.º Trimestre de 2020,,
11A011321,"União das freguesias de Oliveira de Azeméis, Santiago de Riba-Ul, Ul, Macinhata da Seixa e Madail","3,47",3.47,1.º Trimestre de 2020,,
11A011322,"União das freguesias de Pinheiro da Bemposta, Travanca e Palmaz","3,46",3.46,1.º Trimestre de 2020,,
11A011601,São João da Madeira,"4,04",4.04,1.º Trimestre de 2020,,
11A011901,Arões,-,,1.º Trimestre de 2020,-,Dado nulo ou não aplicável
11A011902,São Pedro de Castelões,"3,20",3.2,1.º Trimestre de 2020,,
11A011903,Cepelos,-,,1.º Trimestre de 2020,-,Dado nulo ou não aplicável
11A011905,Junqueira,-,,1.º Trimestre de 2020,-,Dado nulo ou não aplicável
11A011906,Macieira de Cambra,-,,1.º Trimestre de 2020,-,Dado nulo ou não aplicável
11A011907,Roge,-,,1.º Trimestre de 2020,-,Dado nulo ou não aplicável
11A011910,"União das freguesias de Vila Chã, Codal e Vila Cova de Perrinho","3,48",3.48,1.º Trimestre de 2020,,
1931008,Figueiró dos Vinhos,-,,1.º Trimestre de 2020,-,Dado nulo ou não aplicável
1931009,Leiria,"4,75",4.75,1.º Trimestre de 2020,,
1931010,Marinha Grande,"3,78",3.78,1.º Trimestre de 2020,,
1931013,Pedrógão Grande,-,,1.º Trimestre de 2020,-,Dado nulo ou não aplicável
1931015,Pombal,"3,40",3.4,1.º Trimestre de 2020,,
1931016,Porto de Mós,"3,17",3.17,1.º Trimestre de 2020,,
1940901,Aguiar da Beira,-,,1.º Trimestre de 2020,-,Dado nulo ou não aplicável
1941802,Carregal do Sal,"2,71",2.71,1.º Trimestre de 2020,,
1941803,Castro Daire,"2,57",2.57,1.º Trimestre de 2020,,
1941806,Mangualde,"2,69",2.69,1.º Trimestre de 2020,,
1941809,Nelas,"2,69",2.69,1.º Trimestre de 2020,,
1941810,Oliveira de Frades,"2,93",2.93,1.º Trimestre de 2020,,
1941811,Penalva do Castelo,-,,1.º Trimestre de 2020,-,Dado nulo ou não aplicável
1941814,Santa Comba Dão,"2,80",2.8,1.º Trimestre de 2020,,
1941816,São Pedro do Sul,"3,16",3.16,1.º Trimestre de 2020,,
1941817,Sátão,"2,20",2.2,1.º Trimestre de 2020,,
1941821,Tondela,"3,26",3.26,1.º Trimestre de 2020,,
1941822,Vila Nova de Paiva,-,,1.º Trimestre de 2020,-,Dado nulo ou não aplicável
1941823,Viseu,"4,12",4.12,1.º Trimestre de 2020,,
1941824,Vouzela,"3,39",3.39,1.º Trimestre de 2020,,
1950510,Vila de Rei,-,,1.º Trimestre de 2020,-,Dado nulo ou não aplicável
1950511,Vila Velha de Ródão,-,,1.º Trimestre de 2020,-,Dado nulo ou não aplicável
1950509,Sertã,"2,69",2.69,1.º Trimestre de 2020,,
1950502,Castelo Branco,"3,29",3.29,1.º Trimestre de 2020,,
1950505,Idanha-a-Nova,-,,1.º Trimestre de 2020,-,Dado nulo ou não aplicável
1950506,Oleiros,-,,1.º Trimestre de 2020,-,Dado nulo ou não aplicável
1950507,Penamacor,-,,1.º Trimestre de 2020,-,Dado nulo ou não aplicável
1950508,Proença-a-Nova,"2,36",2.36,1.º Trimestre de 2020,,
1960501,Belmonte,"2,00",2,1.º Trimestre de 2020,,
1960503,Covilhã,"3,51",3.51,1.º Trimestre de 2020,,
1960504,Fundão,"2,82",2.82,1.º Trimestre de 2020,,
1960902,Almeida,"1,99",1.99,1.º Trimestre de 2020,,
1960903,Celorico da Beira,"1,77",1.77,1.º Trimestre de 2020,,
1960904,Figueira de Castelo Rodrigo,-,,1.º Trimestre de 2020,-,Dado nulo ou não aplicável
1960905,Fornos de Algodres,-,,1.º Trimestre de 2020,-,Dado nulo ou não aplicável
1960906,Gouveia,"2,32",2.32,1.º Trimestre de 2020,,
1960907,Guarda,"3,13",3.13,1.º Trimestre de 2020,,
1A0111124,União das freguesias do Cacém e São Marcos,"7,35",7.35,1.º Trimestre de 2020,,
1A0111125,União das freguesias de Massamá e Monte Abraão,"7,07",7.07,1.º Trimestre de 2020,,
1A0111126,União das freguesias de Queluz e Belas,"7,81",7.81,1.º Trimestre de 2020,,
11A131808,Muro,-,,1.º Trimestre de 2020,-,Dado nulo ou não aplicável
11A131809,União das freguesias de Alvarelhos e Guidões,-,,1.º Trimestre de 2020,-,Dado nulo ou não aplicável
11A131810,União das freguesias de Bougado (São Martinho e Santiago),"4,09",4.09,1.º Trimestre de 2020,,
11A131811,União das freguesias de Coronado (São Romão e São Mamede),"3,93",3.93,1.º Trimestre de 2020,,
11B1709,Ribeira de Pena,-,,1.º Trimestre de 2020,-,Dado nulo ou não aplicável
11B1712,Valpaços,"2,40",2.4,1.º Trimestre de 2020,,
11B1713,Vila Pouca de Aguiar,"2,97",2.97,1.º Trimestre de 2020,,
11B1702,Boticas,-,,1.º Trimestre de 2020,-,Dado nulo ou não aplicável
11B1703,Chaves,"3,38",3.38,1.º Trimestre de 2020,,
11B1706,Montalegre,-,,1.º Trimestre de 2020,-,Dado nulo ou não aplicável
11C0106,Castelo de Paiva,"2,91",2.91,1.º Trimestre de 2020,,
11C0305,Celorico de Basto,"2,55",2.55,1.º Trimestre de 2020,,
11C1301,Amarante,"2,76",2.76,1.º Trimestre de 2020,,
11C1302,Baião,"2,66",2.66,1.º Trimestre de 2020,,
11C1303,Felgueiras,"2,62",2.62,1.º Trimestre de 2020,,
11C1305,Lousada,"2,66",2.66,1.º Trimestre de 2020,,
11C1307,Marco de Canaveses,"2,50",2.5,1.º Trimestre de 2020,,
1921808,Mortágua,"2,54",2.54,1.º Trimestre de 2020,,
1931002,Alvaiázere,"2,42",2.42,1.º Trimestre de 2020,,
1931003,Ansião,"2,86",2.86,1.º Trimestre de 2020,,
1931004,Batalha,"3,53",3.53,1.º Trimestre de 2020,,
1931007,Castanheira de Pêra,-,,1.º Trimestre de 2020,-,Dado nulo ou não aplicável
11A131636,União das freguesias de Touguinha e Touguinhó,-,,1.º Trimestre de 2020,-,Dado nulo ou não aplicável
11A131637,União das freguesias de Vilar e Mosteiró,-,,1.º Trimestre de 2020,-,Dado nulo ou não aplicável
11A131701,Arcozelo,"5,83",5.83,1.º Trimestre de 2020,,
11A131702,Avintes,"5,08",5.08,1.º Trimestre de 2020,,
11A131703,Canelas,"5,45",5.45,1.º Trimestre de 2020,,
11A131704,Canidelo,"7,06",7.06,1.º Trimestre de 2020,,
11A131709,Madalena,"6,67",6.67,1.º Trimestre de 2020,,
11A131712,Oliveira do Douro,"6,33",6.33,1.º Trimestre de 2020,,
11A131717,São Félix da Marinha,"5,95",5.95,1.º Trimestre de 2020,,
11A131723,Vilar de Andorinho,"5,06",5.06,1.º Trimestre de 2020,,
11A131725,União das freguesias de Grijó e Sermonde,"4,11",4.11,1.º Trimestre de 2020,,
11A131726,União das freguesias de Gulpilhares e Valadares,"6,25",6.25,1.º Trimestre de 2020,,
11A131727,União das freguesias de Mafamude e Vilar do Paraíso,"7,13",7.13,1.º Trimestre de 2020,,
11A131728,União das freguesias de Pedroso e Seixezelo,"4,77",4.77,1.º Trimestre de 2020,,
11A131729,"União das freguesias de Sandim, Olival, Lever e Crestuma","4,00",4,1.º Trimestre de 2020,,
11A131730,União das freguesias de Santa Marinha e São Pedro da Afurada,"7,47",7.47,1.º Trimestre de 2020,,
11A131731,União das freguesias de Serzedo e Perosinho,"5,15",5.15,1.º Trimestre de 2020,,
11A131806,Covelas,-,,1.º Trimestre de 2020,-,Dado nulo ou não aplicável
11A130408,Rio Tinto,"5,86",5.86,1.º Trimestre de 2020,,
11A130412,Baguim do Monte (Rio Tinto),"5,34",5.34,1.º Trimestre de 2020,,
11A130413,União das freguesias de Fânzeres e São Pedro da Cova,"4,66",4.66,1.º Trimestre de 2020,,
11A130414,União das freguesias de Foz do Sousa e Covelo,-,,1.º Trimestre de 2020,-,Dado nulo ou não aplicável
11A130415,"União das freguesias de Gondomar (São Cosme), Valbom e Jovim","4,78",4.78,1.º Trimestre de 2020,,
11A130416,União das freguesias de Melres e Medas,-,,1.º Trimestre de 2020,-,Dado nulo ou não aplicável
11A130405,Lomba,-,,1.º Trimestre de 2020,-,Dado nulo ou não aplicável
11A130601,Águas Santas,"5,26",5.26,1.º Trimestre de 2020,,
11A130603,Folgosa,-,,1.º Trimestre de 2020,-,Dado nulo ou não aplicável
11A131633,União das freguesias de Malta e Canidelo,-,,1.º Trimestre de 2020,-,Dado nulo ou não aplicável
11A131634,União das freguesias de Retorta e Tougues,-,,1.º Trimestre de 2020,-,Dado nulo ou não aplicável
11A131635,União das freguesias de Rio Mau e Arcos,-,,1.º Trimestre de 2020,-,Dado nulo ou não aplicável
1B0151210,"União das freguesias de Setúbal (São Julião, Nossa Senhora da Anunciada e Santa Maria da Graça)","6,80",6.8,1.º Trimestre de 2020,,
1B0151205,Setúbal (São Sebastião),"6,12",6.12,1.º Trimestre de 2020,,
1C1,Alentejo Litoral,"4,65",4.65,1.º Trimestre de 2020,,
1C2,Baixo Alentejo,"3,73",3.73,1.º Trimestre de 2020,,
1C3,Alto Alentejo,"2,83",2.83,1.º Trimestre de 2020,,
1C4,Alentejo Central,"3,80",3.8,1.º Trimestre de 2020,,
1C10211,Odemira,"4,58",4.58,1.º Trimestre de 2020,,
1C11501,Alcácer do Sal,"4,02",4.02,1.º Trimestre de 2020,,
1C11505,Grândola,"4,87",4.87,1.º Trimestre de 2020,,
1C11509,Santiago do Cacém,"4,36",4.36,1.º Trimestre de 2020,,
1C11513,Sines,"5,81",5.81,1.º Trimestre de 2020,,
1C20201,Aljustrel,"3,73",3.73,1.º Trimestre de 2020,,
1C20202,Almodôvar,"3,38",3.38,1.º Trimestre de 2020,,
1C20203,Alvito,-,,1.º Trimestre de 2020,-,Dado nulo ou não aplicável
1C20204,Barrancos,-,,1.º Trimestre de 2020,-,Dado nulo ou não aplicável
1C20205,Beja,"4,35",4.35,1.º Trimestre de 2020,,
1C20206,Castro Verde,"3,99",3.99,1.º Trimestre de 2020,,
1C20207,Cuba,-,,1.º Trimestre de 2020,-,Dado nulo ou não aplicável
1C20208,Ferreira do Alentejo,"3,41",3.41,1.º Trimestre de 2020,,
1C20209,Mértola,-,,1.º Trimestre de 2020,-,Dado nulo ou não aplicável
1C20210,Moura,"3,23",3.23,1.º Trimestre de 2020,,
1C20212,Ourique,-,,1.º Trimestre de 2020,-,Dado nulo ou não aplicável
1C20213,Serpa,"3,33",3.33,1.º Trimestre de 2020,,
1C20214,Vidigueira,"2,93",2.93,1.º Trimestre de 2020,,
1C31201,Alter do Chão,-,,1.º Trimestre de 2020,-,Dado nulo ou não aplicável
1C31202,Arronches,-,,1.º Trimestre de 2020,-,Dado nulo ou não aplicável
1C31203,Avis,-,,1.º Trimestre de 2020,-,Dado nulo ou não aplicável
1C31204,Campo Maior,"2,38",2.38,1.º Trimestre de 2020,,
1C31205,Castelo de Vide,-,,1.º Trimestre de 2020,-,Dado nulo ou não aplicável
1C31206,Crato,-,,1.º Trimestre de 2020,-,Dado nulo ou não aplicável
1C31207,Elvas,"3,10",3.1,1.º Trimestre de 2020,,
1C31208,Fronteira,-,,1.º Trimestre de 2020,-,Dado nulo ou não aplicável
1C31209,Gavião,-,,1.º Trimestre de 2020,-,Dado nulo ou não aplicável
1C31210,Marvão,-,,1.º Trimestre de 2020,-,Dado nulo ou não aplicável
1C31211,Monforte,-,,1.º Trimestre de 2020,-,Dado nulo ou não aplicável
1C31212,Nisa,-,,1.º Trimestre de 2020,-,Dado nulo ou não aplicável
1C31213,Ponte de Sor,"3,30",3.3,1.º Trimestre de 2020,,
1C31214,Portalegre,"2,88",2.88,1.º Trimestre de 2020,,
1C31215,Sousel,-,,1.º Trimestre de 2020,-,Dado nulo ou não aplicável
1C40701,Alandroal,-,,1.º Trimestre de 2020,-,Dado nulo ou não aplicável
1C40702,Arraiolos,"3,29",3.29,1.º Trimestre de 2020,,
1C40703,Borba,"2,62",2.62,1.º Trimestre de 2020,,
1B0150710,União das freguesias de Montijo e Afonsoeiro,"6,34",6.34,1.º Trimestre de 2020,,
1B0150711,União das freguesias de Pegões,"5,15",5.15,1.º Trimestre de 2020,,
1B0150802,Palmela,"5,23",5.23,1.º Trimestre de 2020,,
1B0150803,Pinhal Novo,"5,15",5.15,1.º Trimestre de 2020,,
1B0150804,Quinta do Anjo,"6,41",6.41,1.º Trimestre de 2020,,
1B0150806,União das freguesias de Poceirão e Marateca,"5,58",5.58,1.º Trimestre de 2020,,
1B0151002,Amora,"6,20",6.2,1.º Trimestre de 2020,,
1B0151005,Corroios,"7,09",7.09,1.º Trimestre de 2020,,
1B0151006,Fernão Ferro,"4,91",4.91,1.º Trimestre de 2020,,
1B0151007,"União das freguesias do Seixal, Arrentela e Aldeia de Paio Pires","6,52",6.52,1.º Trimestre de 2020,,
1B0151101,Sesimbra (Castelo),"5,42",5.42,1.º Trimestre de 2020,,
1B0151102,Sesimbra (Santiago),"6,38",6.38,1.º Trimestre de 2020,,
1B0151103,Quinta do Conde,"5,32",5.32,1.º Trimestre de 2020,,
1B0151207,Gâmbia-Pontes-Alto da Guerra,"5,60",5.6,1.º Trimestre de 2020,,
1B0151208,Sado,-,,1.º Trimestre de 2020,-,Dado nulo ou não aplicável
1B0151209,União das freguesias de Azeitão (São Lourenço e São Simão),"5,94",5.94,1.º Trimestre de 2020,,
1C40705,Évora,"5,47",5.47,1.º Trimestre de 2020,,
1C40706,Montemor-o-Novo,"3,64",3.64,1.º Trimestre de 2020,,
1C40707,Mora,-,,1.º Trimestre de 2020,-,Dado nulo ou não aplicável
1C40708,Mourão,-,,1.º Trimestre de 2020,-,Dado nulo ou não aplicável
1C40709,Portel,-,,1.º Trimestre de 2020,-,Dado nulo ou não aplicável
1C40710,Redondo,"2,90",2.9,1.º Trimestre de 2020,,
1C40711,Reguengos de Monsaraz,"3,32",3.32,1.º Trimestre de 2020,,
2004101,Vila do Porto,-,,1.º Trimestre de 2020,-,Dado nulo ou não aplicável
2004201,Lagoa (R.A.A.),"4,03",4.03,1.º Trimestre de 2020,,
2004202,Nordeste,-,,1.º Trimestre de 2020,-,Dado nulo ou não aplicável
2004203,Ponta Delgada,"5,10",5.1,1.º Trimestre de 2020,,
2004204,Povoação,-,,1.º Trimestre de 2020,-,Dado nulo ou não aplicável
2004205,Ribeira Grande,"3,89",3.89,1.º Trimestre de 2020,,
2004206,Vila Franca do Campo,-,,1.º Trimestre de 2020,-,Dado nulo ou não aplicável
2004301,Angra do Heroísmo,"3,89",3.89,1.º Trimestre de 2020,,
2004302,Vila da Praia da Vitória,"5,00",5,1.º Trimestre de 2020,,
2004401,Santa Cruz da Graciosa,-,,1.º Trimestre de 2020,-,Dado nulo ou não aplicável
2004501,Calheta (R.A.A.),-,,1.º Trimestre de 2020,-,Dado nulo ou não aplicável
2004502,Velas,"3,42",3.42,1.º Trimestre de 2020,,
2004601,Lajes do Pico,-,,1.º Trimestre de 2020,-,Dado nulo ou não aplicável
2004602,Madalena,-,,1.º Trimestre de 2020,-,Dado nulo ou não aplicável
1C40704,Estremoz,"3,01",3.01,1.º Trimestre de 2020,,
1A0111609,União das freguesias de Póvoa de Santo Adrião e Olival Basto,"7,70",7.7,1.º Trimestre de 2020,,
1A0111610,União das freguesias de Ramada e Caneças,"6,67",6.67,1.º Trimestre de 2020,,
1B0,Península de Setúbal,"6,41",6.41,1.º Trimestre de 2020,,
1B01503,Almada,"8,02",8.02,1.º Trimestre de 2020,,
1B01504,Barreiro,"6,27",6.27,1.º Trimestre de 2020,,
1B01506,Moita,"5,13",5.13,1.º Trimestre de 2020,,
1B01507,Montijo,"6,16",6.16,1.º Trimestre de 2020,,
1B01508,Palmela,"5,34",5.34,1.º Trimestre de 2020,,
1B01502,Alcochete,"5,92",5.92,1.º Trimestre de 2020,,
1B01510,Seixal,"6,50",6.5,1.º Trimestre de 2020,,
1B01511,Sesimbra,"5,50",5.5,1.º Trimestre de 2020,,
1B01512,Setúbal,"6,43",6.43,1.º Trimestre de 2020,,
1B0150201,Alcochete,"6,34",6.34,1.º Trimestre de 2020,,
1B0150202,Samouco,"4,96",4.96,1.º Trimestre de 2020,,
1B0150203,São Francisco,-,,1.º Trimestre de 2020,-,Dado nulo ou não aplicável
1B0150303,Costa da Caparica,"9,90",9.9,1.º Trimestre de 2020,,
1B0150312,"União das freguesias de Almada, Cova da Piedade, Pragal e Cacilhas","8,37",8.37,1.º Trimestre de 2020,,
1B0150313,União das freguesias de Caparica e Trafaria,"6,64",6.64,1.º Trimestre de 2020,,
1B0150314,União das freguesias de Charneca de Caparica e Sobreda,"7,14",7.14,1.º Trimestre de 2020,,
1B0150315,União das freguesias de Laranjeiro e Feijó,"7,38",7.38,1.º Trimestre de 2020,,
1B0150407,Santo António da Charneca,"5,26",5.26,1.º Trimestre de 2020,,
1B0150409,"União das freguesias de Alto do Seixalinho, Santo André e Verderena","6,61",6.61,1.º Trimestre de 2020,,
1B0150410,União das freguesias de Barreiro e Lavradio,"6,07",6.07,1.º Trimestre de 2020,,
1B0150411,União das freguesias de Palhais e Coina,-,,1.º Trimestre de 2020,-,Dado nulo ou não aplicável
1B0150601,Alhos Vedros,"4,58",4.58,1.º Trimestre de 2020,,
1B0150603,Moita,"5,04",5.04,1.º Trimestre de 2020,,
1B0150607,União das freguesias de Baixa da Banheira e Vale da Amoreira,"5,53",5.53,1.º Trimestre de 2020,,
1B0150608,União das freguesias de Gaio-Rosário e Sarilhos Pequenos,-,,1.º Trimestre de 2020,-,Dado nulo ou não aplicável
1B0150701,Canha,-,,1.º Trimestre de 2020,-,Dado nulo ou não aplicável
1B0150704,Sarilhos Grandes,-,,1.º Trimestre de 2020,-,Dado nulo ou não aplicável
1B0150709,União das freguesias de Atalaia e Alto Estanqueiro-Jardia,"6,04",6.04,1.º Trimestre de 2020,,
1A0111513,Águas Livres,"8,87",8.87,1.º Trimestre de 2020,,
1A0111514,Encosta do Sol,"7,33",7.33,1.º Trimestre de 2020,,
1A0111515,Falagueira-Venda Nova,"8,70",8.7,1.º Trimestre de 2020,,
1A0111516,Mina de Água,"7,70",7.7,1.º Trimestre de 2020,,
1A0111517,Venteira,"9,17",9.17,1.º Trimestre de 2020,,
1A0111603,Odivelas,"8,63",8.63,1.º Trimestre de 2020,,
1A0111608,União das freguesias de Pontinha e Famões,"7,01",7.01,1.º Trimestre de 2020,,
2004603,São Roque do Pico,-,,1.º Trimestre de 2020,-,Dado nulo ou não aplicável
2004701,Horta,"2,92",2.92,1.º Trimestre de 2020,,
2004801,Lajes das Flores,-,,1.º Trimestre de 2020,-,Dado nulo ou não aplicável
2004802,Santa Cruz das Flores,-,,1.º Trimestre de 2020,-,Dado nulo ou não aplicável
2004901,Corvo,-,,1.º Trimestre de 2020,-,Dado nulo ou não aplicável
30,Região Autónoma da Madeira,"6,34",6.34,1.º Trimestre de 2020,,
300,Região Autónoma da Madeira,"6,34",6.34,1.º Trimestre de 2020,,
3003101,Calheta (R.A.M.),"3,45",3.45,1.º Trimestre de 2020,,
3003102,Câmara de Lobos,"4,72",4.72,1.º Trimestre de 2020,,
3003103,Funchal,"7,19",7.19,1.º Trimestre de 2020,,
3003104,Machico,"4,55",4.55,1.º Trimestre de 2020,,
3003105,Ponta do Sol,-,,1.º Trimestre de 2020,-,Dado nulo ou não aplicável
3003106,Porto Moniz,-,,1.º Trimestre de 2020,-,Dado nulo ou não aplicável
3003107,Ribeira Brava,"4,17",4.17,1.º Trimestre de 2020,,
3003108,Santa Cruz,"5,34",5.34,1.º Trimestre de 2020,,
3003109,Santana,-,,1.º Trimestre de 2020,-,Dado nulo ou não aplicável
3003110,São Vicente,-,,1.º Trimestre de 2020,-,Dado nulo ou não aplicável
3003201,Porto Santo,-,,1.º Trimestre de 2020,-,Dado nulo ou não aplicável
2,Região Autónoma dos Açores,"4,34",4.34,1.º Trimestre de 2020,,
3,Região Autónoma da Madeira,"6,34",6.34,1.º Trimestre de 2020,,
1,Continente,"5,58",5.58,1.º Trimestre de 2020,,
PT,Portugal,"5,56",5.56,1.º Trimestre de 2020,,
1111601,Arcos de Valdevez,"2,79",2.79,1.º Trimestre de 2020,,
1111602,Caminha,"4,00",4,1.º Trimestre de 2020,,
1111603,Melgaço,-,,1.º Trimestre de 2020,-,Dado nulo ou não aplicável
1111604,Monção,"3,27",3.27,1.º Trimestre de 2020,,
15,Algarve,"6,59",6.59,1.º Trimestre de 2020,,
19,Centro,"3,94",3.94,1.º Trimestre de 2020,,
11E,Terras de Trás-os-Montes,"2,65",2.65,1.º Trimestre de 2020,,
1B,Península de Setúbal,"6,41",6.41,1.º Trimestre de 2020,,
11C,Tâmega e Sousa,"2,75",2.75,1.º Trimestre de 2020,,
11D,Douro,"3,25",3.25,1.º Trimestre de 2020,,
119,Ave,"3,39",3.39,1.º Trimestre de 2020,,
11A,Área Metropolitana do Porto,"5,91",5.91,1.º Trimestre de 2020,,
11B,Alto Tâmega e Barroso,"3,26",3.26,1.º Trimestre de 2020,,
1111606,Ponte da Barca,"2,72",2.72,1.º Trimestre de 2020,,
1111607,Ponte de Lima,"3,39",3.39,1.º Trimestre de 2020,,
1111608,Valença,"3,37",3.37,1.º Trimestre de 2020,,
1111609,Viana do Castelo,"4,44",4.44,1.º Trimestre de 2020,,
1111610,Vila Nova de Cerveira,"3,13",3.13,1.º Trimestre de 2020,,
1120301,Amares,"3,03",3.03,1.º Trimestre de 2020,,
1120302,Barcelos,"3,76",3.76,1.º Trimestre de 2020,,
1120303,Braga,"5,36",5.36,1.º Trimestre de 2020,,
1120306,Esposende,"4,44",4.44,1.º Trimestre de 2020,,
1120310,Terras de Bouro,-,,1.º Trimestre de 2020,-,Dado nulo ou não aplicável
1120313,Vila Verde,"3,28",3.28,1.º Trimestre de 2020,,
1190304,Cabeceiras de Basto,"2,63",2.63,1.º Trimestre de 2020,,
1190307,Fafe,"2,75",2.75,1.º Trimestre de 2020,,
1190308,Guimarães,"3,72",3.72,1.º Trimestre de 2020,,
1190309,Póvoa de Lanhoso,"2,52",2.52,1.º Trimestre de 2020,,
1190311,Vieira do Minho,"3,08",3.08,1.º Trimestre de 2020,,
1190312,Vila Nova de Famalicão,"3,60",3.6,1.º Trimestre de 2020,,
1190314,Vizela,"3,14",3.14,1.º Trimestre de 2020,,
1191705,Mondim de Basto,"2,46",2.46,1.º Trimestre de 2020,,
11A0119,Vale de Cambra,"3,41",3.41,1.º Trimestre de 2020,,
11A1306,Maia,"5,89",5.89,1.º Trimestre de 2020,,
11A1308,Matosinhos,"7,72",7.72,1.º Trimestre de 2020,,
11A1310,Paredes,"3,39",3.39,1.º Trimestre de 2020,,
11A0113,Oliveira de Azeméis,"3,28",3.28,1.º Trimestre de 2020,,
11A0116,São João da Madeira,"4,04",4.04,1.º Trimestre de 2020,,
11A1304,Gondomar,"5,22",5.22,1.º Trimestre de 2020,,
11A1317,Vila Nova de Gaia,"6,40",6.4,1.º Trimestre de 2020,,
11A1312,Porto,"9,09",9.09,1.º Trimestre de 2020,,
11A1313,Póvoa de Varzim,"5,15",5.15,1.º Trimestre de 2020,,
11A130608,Milheirós,-,,1.º Trimestre de 2020,-,Dado nulo ou não aplicável
11A130609,Moreira,"5,97",5.97,1.º Trimestre de 2020,,
11A130613,São Pedro Fins,-,,1.º Trimestre de 2020,-,Dado nulo ou não aplicável
11A130616,Vila Nova da Telha,"5,38",5.38,1.º Trimestre de 2020,,
11A130617,Pedrouços,"6,19",6.19,1.º Trimestre de 2020,,
11A130618,Castêlo da Maia,"5,88",5.88,1.º Trimestre de 2020,,
11A130619,Cidade da Maia,"6,52",6.52,1.º Trimestre de 2020,,
11A130620,Nogueira e Silva Escura,"5,63",5.63,1.º Trimestre de 2020,,
11A130811,"União das freguesias de Custóias, Leça do Balio e Guifões","6,06",6.06,1.º Trimestre de 2020,,
11A130812,União das freguesias de Matosinhos e Leça da Palmeira,"8,59",8.59,1.º Trimestre de 2020,,
11A130813,"União das freguesias de Perafita, Lavra e Santa Cruz do Bispo","6,31",6.31,1.º Trimestre de 2020,,
11A131025,Paredes,"4,10",4.1,1.º Trimestre de 2020,,
11A131202,Bonfim,"9,12",9.12,1.º Trimestre de 2020,,
11A131203,Campanhã,"8,08",8.08,1.º Trimestre de 2020,,
11A131210,Paranhos,"8,89",8.89,1.º Trimestre de 2020,,
11A131211,Ramalde,"8,85",8.85,1.º Trimestre de 2020,,
11A131216,"União das freguesias de Aldoar, Foz do Douro e Nevogilde","9,45",9.45,1.º Trimestre de 2020,,
11A131217,"União das freguesias de Cedofeita, Santo Ildefonso, Sé, Miragaia, São Nicolau e Vitória","9,38",9.38,1.º Trimestre de 2020,,
11A131218,União das freguesias de Lordelo do Ouro e Massarelos,"9,38",9.38,1.º Trimestre de 2020,,
11A131305,Balazar,-,,1.º Trimestre de 2020,-,Dado nulo ou não aplicável
11A131307,Estela,-,,1.º Trimestre de 2020,-,Dado nulo ou não aplicável
11C1309,Paços de Ferreira,"3,07",3.07,1.º Trimestre de 2020,,
11C1311,Penafiel,"3,07",3.07,1.º Trimestre de 2020,,
11C1804,Cinfães,"2,60",2.6,1.º Trimestre de 2020,,
11C1813,Resende,-,,1.º Trimestre de 2020,-,Dado nulo ou não aplicável
11D0403,Carrazeda de Ansiães,-,,1.º Trimestre de 2020,-,Dado nulo ou não aplicável
11D0404,Freixo de Espada à Cinta,-,,1.º Trimestre de 2020,-,Dado nulo ou não aplicável
11D0409,Torre de Moncorvo,"2,56",2.56,1.º Trimestre de 2020,,
11D0914,Vila Nova de Foz Côa,"2,08",2.08,1.º Trimestre de 2020,,
11D1704,Mesão Frio,-,,1.º Trimestre de 2020,-,Dado nulo ou não aplicável
11D1707,Murça,-,,1.º Trimestre de 2020,-,Dado nulo ou não aplicável
11D1708,Peso da Régua,"3,49",3.49,1.º Trimestre de 2020,,
11D1710,Sabrosa,-,,1.º Trimestre de 2020,-,Dado nulo ou não aplicável
11D1711,Santa Marta de Penaguião,-,,1.º Trimestre de 2020,-,Dado nulo ou não aplicável
11D1714,Vila Real,"3,87",3.87,1.º Trimestre de 2020,,
11D1801,Armamar,-,,1.º Trimestre de 2020,-,Dado nulo ou não aplicável
11D1805,Lamego,"2,86",2.86,1.º Trimestre de 2020,,
11D1807,Moimenta da Beira,"2,02",2.02,1.º Trimestre de 2020,,
11D1812,Penedono,-,,1.º Trimestre de 2020,-,Dado nulo ou não aplicável
11D1815,São João da Pesqueira,-,,1.º Trimestre de 2020,-,Dado nulo ou não aplicável
11D1818,Sernancelhe,-,,1.º Trimestre de 2020,-,Dado nulo ou não aplicável
11D1819,Tabuaço,-,,1.º Trimestre de 2020,-,Dado nulo ou não aplicável
11D1820,Tarouca,"2,19",2.19,1.º Trimestre de 2020,,
11E0401,Alfândega da Fé,-,,1.º Trimestre de 2020,-,Dado nulo ou não aplicável
11E0402,Bragança,"3,10",3.1,1.º Trimestre de 2020,,
11E0405,Macedo de Cavaleiros,"2,10",2.1,1.º Trimestre de 2020,,
11E0406,Miranda do Douro,"2,30",2.3,1.º Trimestre de 2020,,
11E0407,Mirandela,"2,89",2.89,1.º Trimestre de 2020,,
11E0408,Mogadouro,"2,53",2.53,1.º Trimestre de 2020,,
11E0410,Vila Flor,"1,74",1.74,1.º Trimestre de 2020,,
11E0411,Vimioso,-,,1.º Trimestre de 2020,-,Dado nulo ou não aplicável
11E0412,Vinhais,-,,1.º Trimestre de 2020,-,Dado nulo ou não aplicável
150,Algarve,"6,59",6.59,1.º Trimestre de 2020,,
1500801,Albufeira,"7,33",7.33,1.º Trimestre de 2020,,
1500802,Alcoutim,-,,1.º Trimestre de 2020,-,Dado nulo ou não aplicável
1500803,Aljezur,"5,21",5.21,1.º Trimestre de 2020,,
1500805,Faro,"6,46",6.46,1.º Trimestre de 2020,,
1500806,Lagoa,"5,65",5.65,1.º Trimestre de 2020,,
1500807,Lagos,"7,14",7.14,1.º Trimestre de 2020,,
1500808,Loulé,"7,48",7.48,1.º Trimestre de 2020,,
1500809,Monchique,"4,10",4.1,1.º Trimestre de 2020,,
1500810,Olhão,"5,47",5.47,1.º Trimestre de 2020,,
1960908,Manteigas,-,,1.º Trimestre de 2020,-,Dado nulo ou não aplicável
1960909,Mêda,-,,1.º Trimestre de 2020,-,Dado nulo ou não aplicável
1960910,Pinhel,"1,96",1.96,1.º Trimestre de 2020,,
1960911,Sabugal,"2,61",2.61,1.º Trimestre de 2020,,
1960912,Seia,"2,66",2.66,1.º Trimestre de 2020,,
1960913,Trancoso,"1,73",1.73,1.º Trimestre de 2020,,
1A0,Grande Lisboa,"9,26",9.26,1.º Trimestre de 2020,,
1A01105,Cascais,"10,81",10.81,1.º Trimestre de 2020,,
1A01107,Loures,"7,24",7.24,1.º Trimestre de 2020,,
1A01109,Mafra,"6,02",6.02,1.º Trimestre de 2020,,
1A01111,Sintra,"6,85",6.85,1.º Trimestre de 2020,,
1A01106,Lisboa,"12,08",12.08,1.º Trimestre de 2020,,
1A01114,Vila Franca de Xira,"6,27",6.27,1.º Trimestre de 2020,,
1A01115,Amadora,"8,50",8.5,1.º Trimestre de 2020,,
1A01116,Odivelas,"7,75",7.75,1.º Trimestre de 2020,,
1A0110506,São Domingos de Rana,"8,05",8.05,1.º Trimestre de 2020,,
1A0110507,União das freguesias de Carcavelos e Parede,"11,40",11.4,1.º Trimestre de 2020,,
1A0110508,União das freguesias de Cascais e Estoril,"11,88",11.88,1.º Trimestre de 2020,,
1A0110501,Alcabideche,"8,78",8.78,1.º Trimestre de 2020,,
1A0110663,Penha de França,"11,11",11.11,1.º Trimestre de 2020,,
1A0110664,Santa Clara,"8,00",8,1.º Trimestre de 2020,,
1A0110665,Santa Maria Maior,"13,21",13.21,1.º Trimestre de 2020,,
1D31405,Benavente,"4,25",4.25,1.º Trimestre de 2020,,
1D31406,Cartaxo,"3,61",3.61,1.º Trimestre de 2020,,
1D31407,Chamusca,"2,67",2.67,1.º Trimestre de 2020,,
1D31409,Coruche,"3,54",3.54,1.º Trimestre de 2020,,
1D31412,Golegã,"3,31",3.31,1.º Trimestre de 2020,,
1D31414,Rio Maior,"3,76",3.76,1.º Trimestre de 2020,,
1D31415,Salvaterra de Magos,"3,82",3.82,1.º Trimestre de 2020,,
1D31416,Santarém,"4,00",4,1.º Trimestre de 2020,,
20,Região Autónoma dos Açores,"4,34",4.34,1.º Trimestre de 2020,,
200,Região Autónoma dos Açores,"4,34",4.34,1.º Trimestre de 2020,,
1D21410,Entroncamento,"3,60",3.6,1.º Trimestre de 2020,,
1D21411,Ferreira do Zêzere,"2,96",2.96,1.º Trimestre de 2020,,
1D21413,Mação,-,,1.º Trimestre de 2020,-,Dado nulo ou não aplicável
1D21417,Sardoal,-,,1.º Trimestre de 2020,-,Dado nulo ou não aplicável
1D21418,Tomar,"3,87",3.87,1.º Trimestre de 2020,,
1D21419,Torres Novas,"3,47",3.47,1.º Trimestre de 2020,,
1D21420,Vila Nova da Barquinha,"3,23",3.23,1.º Trimestre de 2020,,
1D21421,Ourém,"3,70",3.7,1.º Trimestre de 2020,,
1D31103,Azambuja,"4,80",4.8,1.º Trimestre de 2020,,
1D31403,Almeirim,"3,34",3.34,1.º Trimestre de 2020,,
1D31404,Alpiarça,"2,76",2.76,1.º Trimestre de 2020,,
1A0110666,Santo António,"15,02",15.02,1.º Trimestre de 2020,,
1A0110667,São Vicente,"12,50",12.5,1.º Trimestre de 2020,,
1A0110662,Parque das Nações,"13,84",13.84,1.º Trimestre de 2020,,
1A0110601,Ajuda,"12,45",12.45,1.º Trimestre de 2020,,
1A0110602,Alcântara,"11,76",11.76,1.º Trimestre de 2020,,
1A0110607,Beato,"10,71",10.71,1.º Trimestre de 2020,,
1A0110608,Benfica,"11,19",11.19,1.º Trimestre de 2020,,
1A0110610,Campolide,"13,04",13.04,1.º Trimestre de 2020,,
1A0110621,Marvila,"9,85",9.85,1.º Trimestre de 2020,,
1A0110633,Olivais,"10,99",10.99,1.º Trimestre de 2020,,
1A0110639,São Domingos de Benfica,"11,84",11.84,1.º Trimestre de 2020,,
1A0110654,Alvalade,"12,02",12.02,1.º Trimestre de 2020,,
1A0110655,Areeiro,"11,43",11.43,1.º Trimestre de 2020,,
1A0110656,Arroios,"11,70",11.7,1.º Trimestre de 2020,,
1A0110657,Avenidas Novas,"13,13",13.13,1.º Trimestre de 2020,,
1A0110658,Belém,"11,87",11.87,1.º Trimestre de 2020,,
1A0110611,Carnide,"12,50",12.5,1.º Trimestre de 2020,,
1C40712,Vendas Novas,"3,74",3.74,1.º Trimestre de 2020,,
1C40713,Viana do Alentejo,-,,1.º Trimestre de 2020,-,Dado nulo ou não aplicável
1C40714,Vila Viçosa,"3,22",3.22,1.º Trimestre de 2020,,
1D2,Médio Tejo,"3,46",3.46,1.º Trimestre de 2020,,
1D3,Lezíria do Tejo,"3,89",3.89,1.º Trimestre de 2020,,
1D1,Oeste,"4,43",4.43,1.º Trimestre de 2020,,
1D11113,Torres Vedras,"5,26",5.26,1.º Trimestre de 2020,,
1D11001,Alcobaça,"3,68",3.68,1.º Trimestre de 2020,,
1D11005,Bombarral,"3,30",3.3,1.º Trimestre de 2020,,
1D11006,Caldas da Rainha,"4,60",4.6,1.º Trimestre de 2020,,
1D11011,Nazaré,"4,18",4.18,1.º Trimestre de 2020,,
1D11012,Óbidos,"4,10",4.1,1.º Trimestre de 2020,,
1D11014,Peniche,"4,51",4.51,1.º Trimestre de 2020,,
1D11101,Alenquer,"4,66",4.66,1.º Trimestre de 2020,,
1D11102,Arruda dos Vinhos,"4,84",4.84,1.º Trimestre de 2020,,
1D11104,Cadaval,"3,00",3,1.º Trimestre de 2020,,
1D11108,Lourinhã,"4,23",4.23,1.º Trimestre de 2020,,
1D11112,Sobral de Monte Agraço,"3,98",3.98,1.º Trimestre de 2020,,
1D21401,Abrantes,"3,04",3.04,1.º Trimestre de 2020,,
1D21402,Alcanena,"2,85",2.85,1.º Trimestre de 2020,,
1D21408,Constância,-,,1.º Trimestre de 2020,-,Dado nulo ou não aplicável
11A130814,União das freguesias de São Mamede de Infesta e Senhora da Hora,"8,04",8.04,1.º Trimestre de 2020,,
11A131001,Aguiar de Sousa,-,,1.º Trimestre de 2020,-,Dado nulo ou não aplicável
11A131002,Astromil,-,,1.º Trimestre de 2020,-,Dado nulo ou não aplicável
11A131003,Baltar,"3,30",3.3,1.º Trimestre de 2020,,
11A131004,Beire,-,,1.º Trimestre de 2020,-,Dado nulo ou não aplicável
11A131008,Cete,"3,90",3.9,1.º Trimestre de 2020,,
11A131009,Cristelo,-,,1.º Trimestre de 2020,-,Dado nulo ou não aplicável
11A131010,Duas Igrejas,-,,1.º Trimestre de 2020,-,Dado nulo ou não aplicável
11A131011,Gandra,"4,56",4.56,1.º Trimestre de 2020,,
11A131013,Lordelo,"2,93",2.93,1.º Trimestre de 2020,,
11A131014,Louredo,-,,1.º Trimestre de 2020,-,Dado nulo ou não aplicável
11A131017,Parada de Todeia,-,,1.º Trimestre de 2020,-,Dado nulo ou não aplicável
11A131018,Rebordosa,"2,95",2.95,1.º Trimestre de 2020,,
11A131019,Recarei,-,,1.º Trimestre de 2020,-,Dado nulo ou não aplicável
11A131020,Sobreira,-,,1.º Trimestre de 2020,-,Dado nulo ou não aplicável
11A131021,Sobrosa,-,,1.º Trimestre de 2020,-,Dado nulo ou não aplicável
11A131022,Vandoma,-,,1.º Trimestre de 2020,-,Dado nulo ou não aplicável
11A131024,Vilela,"2,73",2.73,1.º Trimestre de 2020,,
11D1701,Alijó,"2,56",2.56,1.º Trimestre de 2020,,
11A010908,Fornos,-,,1.º Trimestre de 2020,-,Dado nulo ou não aplicável
11A010913,Lourosa,"3,97",3.97,1.º Trimestre de 2020,,
11A131308,Laundos,-,,1.º Trimestre de 2020,-,Dado nulo ou não aplicável
11A131311,Rates,-,,1.º Trimestre de 2020,-,Dado nulo ou não aplicável
11A131313,"União das freguesias de Aver-o-Mar, Amorim e Terroso","4,95",4.95,1.º Trimestre de 2020,,
11A131314,União das freguesias de Aguçadoura e Navais,-,,1.º Trimestre de 2020,-,Dado nulo ou não aplicável
11A010417,São Miguel do Mato,-,,1.º Trimestre de 2020,-,Dado nulo ou não aplicável
11A010418,Tropeço,-,,1.º Trimestre de 2020,-,Dado nulo ou não aplicável
11A010419,Urrô,-,,1.º Trimestre de 2020,-,Dado nulo ou não aplicável
11A010420,Várzea,-,,1.º Trimestre de 2020,-,Dado nulo ou não aplicável
11A010421,União das freguesias de Arouca e Burgo,"3,67",3.67,1.º Trimestre de 2020,,
11A010422,União das freguesias de Cabreiros e Albergaria da Serra,-,,1.º Trimestre de 2020,-,Dado nulo ou não aplicável
11A010423,União das freguesias de Canelas e Espiunca,-,,1.º Trimestre de 2020,-,Dado nulo ou não aplicável
11A010424,União das freguesias de Covelo de Paivó e Janarde,-,,1.º Trimestre de 2020,-,Dado nulo ou não aplicável
11A010702,Espinho,"6,13",6.13,1.º Trimestre de 2020,,
11A010704,Paramos,-,,1.º Trimestre de 2020,-,Dado nulo ou não aplicável
11A010705,Silvalde,"4,51",4.51,1.º Trimestre de 2020,,
11A010706,União das freguesias de Anta e Guetim,"5,00",5,1.º Trimestre de 2020,,
11A010933,"União das freguesias de Canedo, Vale e Vila Maior","3,08",3.08,1.º Trimestre de 2020,,
11A010934,"União das freguesias de Lobão, Gião, Louredo e Guisande","3,28",3.28,1.º Trimestre de 2020,,
11A010935,"União das freguesias de Santa Maria da Feira, Travanca, Sanfins e Espargo","4,32",4.32,1.º Trimestre de 2020,,
11A010936,União de freguesias de São Miguel de Souto e Mosteirô,"3,23",3.23,1.º Trimestre de 2020,,
11A010926,São João de Ver,"3,94",3.94,1.º Trimestre de 2020,,
11A010932,União das freguesias de Caldas de São Jorge e Pigeiros,-,,1.º Trimestre de 2020,-,Dado nulo ou não aplicável
11A010901,Argoncilhe,"3,60",3.6,1.º Trimestre de 2020,,
11A010902,Arrifana,"3,75",3.75,1.º Trimestre de 2020,,
11A010904,Escapães,-,,1.º Trimestre de 2020,-,Dado nulo ou não aplicável
11A010907,Fiães,"3,89",3.89,1.º Trimestre de 2020,,
11A1314,Santo Tirso,"3,16",3.16,1.º Trimestre de 2020,,
11A1315,Valongo,"5,24",5.24,1.º Trimestre de 2020,,
11A1316,Vila do Conde,"4,75",4.75,1.º Trimestre de 2020,,
11A0104,Arouca,"3,54",3.54,1.º Trimestre de 2020,,
11A1318,Trofa,"3,97",3.97,1.º Trimestre de 2020,,
11A0107,Espinho,"5,85",5.85,1.º Trimestre de 2020,,
11A0109,Santa Maria da Feira,"3,80",3.8,1.º Trimestre de 2020,,
11A010402,Alvarenga,-,,1.º Trimestre de 2020,-,Dado nulo ou não aplicável
11A010407,Chave,-,,1.º Trimestre de 2020,-,Dado nulo ou não aplicável
11A010409,Escariz,-,,1.º Trimestre de 2020,-,Dado nulo ou não aplicável
11A010411,Fermedo,-,,1.º Trimestre de 2020,-,Dado nulo ou não aplicável
11A010413,Mansores,-,,1.º Trimestre de 2020,-,Dado nulo ou não aplicável
11A010414,Moldes,-,,1.º Trimestre de 2020,-,Dado nulo ou não aplicável
11A010415,Rossas,-,,1.º Trimestre de 2020,-,Dado nulo ou não aplicável
11A010416,Santa Eulália,-,,1.º Trimestre de 2020,-,Dado nulo ou não aplicável
11A131315,"União das freguesias da Póvoa de Varzim, Beiriz e Argivai","5,28",5.28,1.º Trimestre de 2020,,
11A131401,Agrela,-,,1.º Trimestre de 2020,-,Dado nulo ou não aplicável
11A131402,Água Longa,-,,1.º Trimestre de 2020,-,Dado nulo ou não aplicável
11A131405,Aves,"3,01",3.01,1.º Trimestre de 2020,,
11A131413,Monte Córdova,-,,1.º Trimestre de 2020,-,Dado nulo ou não aplicável
11A131419,Roriz,-,,1.º Trimestre de 2020,-,Dado nulo ou não aplicável
11A131430,Negrelos (São Tomé),-,,1.º Trimestre de 2020,-,Dado nulo ou não aplicável
11A131432,Vilarinho,-,,1.º Trimestre de 2020,-,Dado nulo ou não aplicável
11A131433,"União das freguesias de Areias, Sequeiró, Lama e Palmeira","2,91",2.91,1.º Trimestre de 2020,,
11A131434,Vila Nova do Campo,"2,52",2.52,1.º Trimestre de 2020,,
11A131435,União das freguesias de Carreira e Refojos de Riba de Ave,-,,1.º Trimestre de 2020,-,Dado nulo ou não aplicável
11A131436,União das freguesias de Lamelas e Guimarei,-,,1.º Trimestre de 2020,-,Dado nulo ou não aplicável
11A131437,"União das freguesias de Santo Tirso, Couto (Santa Cristina e São Miguel) e Burgães","3,73",3.73,1.º Trimestre de 2020,,
11A131416,Rebordões,-,,1.º Trimestre de 2020,-,Dado nulo ou não aplicável
11A131418,Reguenga,-,,1.º Trimestre de 2020,-,Dado nulo ou não aplicável
11A131501,Alfena,"4,83",4.83,1.º Trimestre de 2020,,
11A131503,Ermesinde,"5,43",5.43,1.º Trimestre de 2020,,
11A131505,Valongo,"5,30",5.3,1.º Trimestre de 2020,,
11A131506,União das freguesias de Campo e Sobrado,"3,96",3.96,1.º Trimestre de 2020,,
11A131602,Árvore,"4,17",4.17,1.º Trimestre de 2020,,
11A131603,Aveleda,-,,1.º Trimestre de 2020,-,Dado nulo ou não aplicável
11A131604,Azurara,-,,1.º Trimestre de 2020,-,Dado nulo ou não aplicável
11A131607,Fajozes,-,,1.º Trimestre de 2020,-,Dado nulo ou não aplicável
11A131610,Gião,-,,1.º Trimestre de 2020,-,Dado nulo ou não aplicável
11A131611,Guilhabreu,-,,1.º Trimestre de 2020,-,Dado nulo ou não aplicável
11A131612,Junqueira,-,,1.º Trimestre de 2020,-,Dado nulo ou não aplicável
11A131613,Labruge,"6,00",6,1.º Trimestre de 2020,,
11A131614,Macieira da Maia,-,,1.º Trimestre de 2020,-,Dado nulo ou não aplicável
11A131616,Mindelo,"5,46",5.46,1.º Trimestre de 2020,,
11A131617,Modivas,-,,1.º Trimestre de 2020,-,Dado nulo ou não aplicável
11A131627,Vila Chã,-,,1.º Trimestre de 2020,-,Dado nulo ou não aplicável
11A131628,Vila do Conde,"5,10",5.1,1.º Trimestre de 2020,,
1920614,Penela,-,,1.º Trimestre de 2020,-,Dado nulo ou não aplicável
1A0110906,Ericeira,"7,85",7.85,1.º Trimestre de 2020,,
1A0110909,Mafra,"6,05",6.05,1.º Trimestre de 2020,,
1A0110911,Milharado,"5,13",5.13,1.º Trimestre de 2020,,
1A0110913,Santo Isidoro,"4,81",4.81,1.º Trimestre de 2020,,
1A0110920,União das freguesias de Igreja Nova e Cheleiros,"4,72",4.72,1.º Trimestre de 2020,,
1A01110,Oeiras,"10,12",10.12,1.º Trimestre de 2020,,
1A0110918,União das freguesias de Azueira e Sobral da Abelheira,"4,62",4.62,1.º Trimestre de 2020,,
1A0110919,"União das freguesias de Enxara do Bispo, Gradil e Vila Franca do Rosário","5,36",5.36,1.º Trimestre de 2020,,
1A0110921,União das freguesias de Malveira e São Miguel de Alcainça,"5,40",5.4,1.º Trimestre de 2020,,
1A0110922,União das freguesias de Venda do Pinheiro e Santo Estêvão das Galés,"5,43",5.43,1.º Trimestre de 2020,,
1A0111002,Barcarena,"7,93",7.93,1.º Trimestre de 2020,,
1A0111009,Porto Salvo,"8,39",8.39,1.º Trimestre de 2020,,
1A0111012,"União das freguesias de Algés, Linda-a-Velha e Cruz Quebrada-Dafundo","10,23",10.23,1.º Trimestre de 2020,,
1A0111013,União das freguesias de Carnaxide e Queijas,"9,31",9.31,1.º Trimestre de 2020,,
1A0111014,"União das freguesias de Oeiras e São Julião da Barra, Paço de Arcos e Caxias","10,95",10.95,1.º Trimestre de 2020,,
1A0111102,Algueirão-Mem Martins,"6,58",6.58,1.º Trimestre de 2020,,
1A0111105,Colares,"6,30",6.3,1.º Trimestre de 2020,,
1A0111108,Rio de Mouro,"7,07",7.07,1.º Trimestre de 2020,,
1A0111115,Casal de Cambra,"6,04",6.04,1.º Trimestre de 2020,,
1A0111122,União das freguesias de Agualva e Mira-Sintra,"7,18",7.18,1.º Trimestre de 2020,,
1A0111123,"União das freguesias de Almargem do Bispo, Pêro Pinheiro e Montelavar","4,68",4.68,1.º Trimestre de 2020,,
1920616,Tábua,"3,10",3.1,1.º Trimestre de 2020,,
11A131630,Vilar de Pinheiro,-,,1.º Trimestre de 2020,-,Dado nulo ou não aplicável
1920617,Vila Nova de Poiares,"2,51",2.51,1.º Trimestre de 2020,,
1A0110618,Lumiar,"11,23",11.23,1.º Trimestre de 2020,,
1A0110659,Campo de Ourique,"13,30",13.3,1.º Trimestre de 2020,,
1A0110660,Estrela,"13,33",13.33,1.º Trimestre de 2020,,
1A0110661,Misericórdia,"14,29",14.29,1.º Trimestre de 2020,,
1A0110702,Bucelas,"5,08",5.08,1.º Trimestre de 2020,,
1A0110705,Fanhões,-,,1.º Trimestre de 2020,-,Dado nulo ou não aplicável
1A0110707,Loures,"7,39",7.39,1.º Trimestre de 2020,,
1A0110708,Lousa,"5,47",5.47,1.º Trimestre de 2020,,
1A0110726,União das freguesias de Moscavide e Portela,"9,52",9.52,1.º Trimestre de 2020,,
1A0110727,União das freguesias de Sacavém e Prior Velho,"8,57",8.57,1.º Trimestre de 2020,,
1A0110728,"União das freguesias de Santa Iria de Azoia, São João da Talha e Bobadela","6,50",6.5,1.º Trimestre de 2020,,
1A0110729,União das freguesias de Santo Antão e São Julião do Tojal,"5,50",5.5,1.º Trimestre de 2020,,
1A0110730,União das freguesias de Santo António dos Cavaleiros e Frielas,"7,67",7.67,1.º Trimestre de 2020,,
1A0110731,"União das freguesias de Camarate, Unhos e Apelação","6,25",6.25,1.º Trimestre de 2020,,
1A0110902,Carvoeira,"6,00",6,1.º Trimestre de 2020,,
1A0110904,Encarnação,"4,93",4.93,1.º Trimestre de 2020,,
11A131631,"União das freguesias de Bagunte, Ferreiró, Outeiro Maior e Parada",-,,1.º Trimestre de 2020,-,Dado nulo ou não aplicável
11A131632,União das freguesias de Fornelo e Vairão,-,,1.º Trimestre de 2020,-,Dado nulo ou não aplicável
1500811,Portimão,"6,89",6.89,1.º Trimestre de 2020,,
1500812,São Brás de Alportel,"4,33",4.33,1.º Trimestre de 2020,,
1500813,Silves,"5,56",5.56,1.º Trimestre de 2020,,
1500814,Tavira,"6,68",6.68,1.º Trimestre de 2020,,
1500815,Vila do Bispo,"6,14",6.14,1.º Trimestre de 2020,,
1500816,Vila Real de Santo António,"6,16",6.16,1.º Trimestre de 2020,,
196,Beiras e Serra da Estrela,"2,93",2.93,1.º Trimestre de 2020,,
191,Região de Aveiro,"4,38",4.38,1.º Trimestre de 2020,,
194,Viseu Dão Lafões,"3,51",3.51,1.º Trimestre de 2020,,
195,Beira Baixa,"3,13",3.13,1.º Trimestre de 2020,,
1910101,Águeda,"3,68",3.68,1.º Trimestre de 2020,,
1910102,Albergaria-a-Velha,"3,71",3.71,1.º Trimestre de 2020,,
1910103,Anadia,"3,43",3.43,1.º Trimestre de 2020,,
1910105,Aveiro,"6,11",6.11,1.º Trimestre de 2020,,
1910108,Estarreja,"3,61",3.61,1.º Trimestre de 2020,,
1910110,Ílhavo,"4,95",4.95,1.º Trimestre de 2020,,
1500804,Castro Marim,"5,70",5.7,1.º Trimestre de 2020,,
192,Região de Coimbra,"4,55",4.55,1.º Trimestre de 2020,,
193,Região de Leiria,"4,08",4.08,1.º Trimestre de 2020,,
1910112,Murtosa,"3,87",3.87,1.º Trimestre de 2020,,
1910114,Oliveira do Bairro,"3,53",3.53,1.º Trimestre de 2020,,
1910115,Ovar,"4,41",4.41,1.º Trimestre de 2020,,
1910117,Sever do Vouga,"2,82",2.82,1.º Trimestre de 2020,,
1910118,Vagos,"3,58",3.58,1.º Trimestre de 2020,,
1920111,Mealhada,"3,30",3.3,1.º Trimestre de 2020,,
1920601,Arganil,"2,93",2.93,1.º Trimestre de 2020,,
1920602,Cantanhede,"3,50",3.5,1.º Trimestre de 2020,,
1920603,Coimbra,"6,06",6.06,1.º Trimestre de 2020,,
1920604,Condeixa-a-Nova,"3,71",3.71,1.º Trimestre de 2020,,
1920605,Figueira da Foz,"4,41",4.41,1.º Trimestre de 2020,,
1920606,Góis,-,,1.º Trimestre de 2020,-,Dado nulo ou não aplicável
1920607,Lousã,"2,96",2.96,1.º Trimestre de 2020,,
1920608,Mira,"2,99",2.99,1.º Trimestre de 2020,,
1920609,Miranda do Corvo,"2,79",2.79,1.º Trimestre de 2020,,
1920610,Montemor-o-Velho,"3,41",3.41,1.º Trimestre de 2020,,
1920611,Oliveira do Hospital,"2,73",2.73,1.º Trimestre de 2020,,
1920612,Pampilhosa da Serra,-,,1.º Trimestre de 2020,-,Dado nulo ou não aplicável
1920613,Penacova,-,,1.º Trimestre de 2020,-,Dado nulo ou não aplicável
1920615,Soure,"2,89",2.89,1.º Trimestre de 2020,,
