geocod,geodsg,dim_3,dim_3_t,dim_4,dim_4_t,ind_string,valor,period
2004901,Corvo,T,HM,T,Total,434,434,2025
1C20204,Barrancos,T,HM,T,Total,1 413,1413,2025
2004801,Lajes das Flores,T,HM,T,Total,1 417,1417,2025
2004802,Santa Cruz das Flores,T,HM,T,Total,1 980,1980,2025
1C20203,Alvito,T,HM,T,Total,2 353,2353,2025
1500802,Alcoutim,T,HM,T,Total,2 467,2467,2025
11D1812,Penedono,T,HM,T,Total,2 506,2506,2025
1C40708,Mourão,T,HM,T,Total,2 524,2524,2025
1931007,Castanheira de Pêra,T,HM,T,Total,2 747,2747,2025
3003106,Porto Moniz,T,HM,T,Total,2 760,2760,2025
1C31202,Arronches,T,HM,T,Total,2 841,2841,2025
1C31211,Monforte,T,HM,T,Total,2 876,2876,2025
1C31210,Marvão,T,HM,T,Total,2 908,2908,2025
1C31208,Fronteira,T,HM,T,Total,2 957,2957,2025
11D0404,Freixo de Espada à Cinta,T,HM,T,Total,2 958,2958,2025
1960908,Manteigas,T,HM,T,Total,2 958,2958,2025
1C31205,Castelo de Vide,T,HM,T,Total,3 022,3022,2025
1C31201,Alter do Chão,T,HM,T,Total,3 194,3194,2025
1950510,Vila de Rei,T,HM,T,Total,3 229,3229,2025
1C31209,Gavião,T,HM,T,Total,3 250,3250,2025
1920612,Pampilhosa da Serra,T,HM,T,Total,3 304,3304,2025
1C31206,Crato,T,HM,T,Total,3 318,3318,2025
11D1704,Mesão Frio,T,HM,T,Total,3 381,3381,2025
1950511,Vila Velha de Ródão,T,HM,T,Total,3 418,3418,2025
2004501,Calheta (R.A.A.),T,HM,T,Total,3 445,3445,2025
2004603,São Roque do Pico,T,HM,T,Total,3 554,3554,2025
1C31203,Avis,T,HM,T,Total,3 661,3661,2025
1D21417,Sardoal,T,HM,T,Total,3 689,3689,2025
11E0411,Vimioso,T,HM,T,Total,3 716,3716,2025
1931013,Pedrógão Grande,T,HM,T,Total,3 739,3739,2025
1920606,Góis,T,HM,T,Total,3 820,3820,2025
1D21408,Constância,T,HM,T,Total,4 048,4048,2025
2004401,Santa Cruz da Graciosa,T,HM,T,Total,4 074,4074,2025
1C40707,Mora,T,HM,T,Total,4 143,4143,2025
1960905,Fornos de Algodres,T,HM,T,Total,4 159,4159,2025
11E0401,Alfândega da Fé,T,HM,T,Total,4 210,4210,2025
1950507,Penamacor,T,HM,T,Total,4 362,4362,2025
1960909,Mêda,T,HM,T,Total,4 364,4364,2025
2004202,Nordeste,T,HM,T,Total,4 404,4404,2025
1941822,Vila Nova de Paiva,T,HM,T,Total,4 405,4405,2025
1C31215,Sousel,T,HM,T,Total,4 506,4506,2025
1950506,Oleiros,T,HM,T,Total,4 511,4511,2025
11D1819,Tabuaço,T,HM,T,Total,4 516,4516,2025
2004601,Lajes do Pico,T,HM,T,Total,4 575,4575,2025
1C20207,Cuba,T,HM,T,Total,4 640,4640,2025
11B1702,Boticas,T,HM,T,Total,4 811,4811,2025
1960904,Figueira de Castelo Rodrigo,T,HM,T,Total,4 859,4859,2025
1940901,Aguiar da Beira,T,HM,T,Total,4 898,4898,2025
11D1818,Sernancelhe,T,HM,T,Total,4 949,4949,2025
1C40701,Alandroal,T,HM,T,Total,4 989,4989,2025
3003110,São Vicente,T,HM,T,Total,5 027,5027,2025
11D1707,Murça,T,HM,T,Total,5 100,5100,2025
2004502,Velas,T,HM,T,Total,5 103,5103,2025
1C20212,Ourique,T,HM,T,Total,5 129,5129,2025
11D0403,Carrazeda de Ansiães,T,HM,T,Total,5 226,5226,2025
1931008,Figueiró dos Vinhos,T,HM,T,Total,5 421,5421,2025
1C20214,Vidigueira,T,HM,T,Total,5 513,5513,2025
2004101,Vila do Porto,T,HM,T,Total,5 544,5544,2025
11D1801,Armamar,T,HM,T,Total,5 545,5545,2025
1960902,Almeida,T,HM,T,Total,5 551,5551,2025
11D1710,Sabrosa,T,HM,T,Total,5 576,5576,2025
1C40713,Viana do Alentejo,T,HM,T,Total,5 594,5594,2025
1500809,Monchique,T,HM,T,Total,5 611,5611,2025
2004204,Povoação,T,HM,T,Total,5 640,5640,2025
1D31412,Golegã,T,HM,T,Total,5 650,5650,2025
1C40709,Portel,T,HM,T,Total,5 694,5694,2025
1920614,Penela,T,HM,T,Total,5 730,5730,2025
11E0410,Vila Flor,T,HM,T,Total,5 773,5773,2025
11D0914,Vila Nova de Foz Côa,T,HM,T,Total,5 812,5812,2025
11B1709,Ribeira de Pena,T,HM,T,Total,5 836,5836,2025
1C20209,Mértola,T,HM,T,Total,5 976,5976,2025
1C31212,Nisa,T,HM,T,Total,6 008,6008,2025
11D1711,Santa Marta de Penaguião,T,HM,T,Total,6 043,6043,2025
11E0406,Miranda do Douro,T,HM,T,Total,6 065,6065,2025
1960501,Belmonte,T,HM,T,Total,6 173,6173,2025
1191705,Mondim de Basto,T,HM,T,Total,6 252,6252,2025
1D21413,Mação,T,HM,T,Total,6 300,6300,2025
1120310,Terras de Bouro,T,HM,T,Total,6 366,6366,2025
1931002,Alvaiázere,T,HM,T,Total,6 413,6413,2025
1C40710,Redondo,T,HM,T,Total,6 431,6431,2025
11D1815,São João da Pesqueira,T,HM,T,Total,6 458,6458,2025
11D0409,Torre de Moncorvo,T,HM,T,Total,6 507,6507,2025
1C40703,Borba,T,HM,T,Total,6 542,6542,2025
1960903,Celorico da Beira,T,HM,T,Total,6 545,6545,2025
3003109,Santana,T,HM,T,Total,6 643,6643,2025
2004602,Madalena,T,HM,T,Total,6 850,6850,2025
1C40702,Arraiolos,T,HM,T,Total,6 857,6857,2025
3003201,Porto Santo,T,HM,T,Total,6 916,6916,2025
1950508,Proença-a-Nova,T,HM,T,Total,6 960,6960,2025
1C20202,Almodôvar,T,HM,T,Total,7 033,7033,2025
1500815,Vila do Bispo,T,HM,T,Total,7 078,7078,2025
1C20206,Castro Verde,T,HM,T,Total,7 096,7096,2025
1111603,Melgaço,T,HM,T,Total,7 111,7111,2025
1941811,Penalva do Castelo,T,HM,T,Total,7 160,7160,2025
11E0412,Vinhais,T,HM,T,Total,7 223,7223,2025
1C40714,Vila Viçosa,T,HM,T,Total,7 368,7368,2025
11D1820,Tarouca,T,HM,T,Total,7 448,7448,2025
1500803,Aljezur,T,HM,T,Total,7 456,7456,2025
1920617,Vila Nova de Poiares,T,HM,T,Total,7 507,7507,2025
1500804,Castro Marim,T,HM,T,Total,7 570,7570,2025
1D31404,Alpiarça,T,HM,T,Total,7 726,7726,2025
1D21420,Vila Nova da Barquinha,T,HM,T,Total,7 742,7742,2025
1960913,Trancoso,T,HM,T,Total,8 022,8022,2025
1960910,Pinhel,T,HM,T,Total,8 040,8040,2025
11E0408,Mogadouro,T,HM,T,Total,8 048,8048,2025
1D21411,Ferreira do Zêzere,T,HM,T,Total,8 113,8113,2025
1C31204,Campo Maior,T,HM,T,Total,8 264,8264,2025
1950505,Idanha-a-Nova,T,HM,T,Total,8 360,8360,2025
11B1706,Montalegre,T,HM,T,Total,8 662,8662,2025
1D31407,Chamusca,T,HM,T,Total,8 673,8673,2025
1111605,Paredes de Coura,T,HM,T,Total,8 721,8721,2025
3003105,Ponta do Sol,T,HM,T,Total,8 806,8806,2025
1921808,Mortágua,T,HM,T,Total,9 185,9185,2025
1C20201,Aljustrel,T,HM,T,Total,9 319,9319,2025
1960911,Sabugal,T,HM,T,Total,9 368,9368,2025
11C1813,Resende,T,HM,T,Total,9 535,9535,2025
1941802,Carregal do Sal,T,HM,T,Total,9 597,9597,2025
1C20208,Ferreira do Alentejo,T,HM,T,Total,9 625,9625,2025
1941824,Vouzela,T,HM,T,Total,9 668,9668,2025
11D1807,Moimenta da Beira,T,HM,T,Total,9 893,9893,2025
1111610,Vila Nova de Cerveira,T,HM,T,Total,10 051,10051,2025
11D1701,Alijó,T,HM,T,Total,10 096,10096,2025
2004206,Vila Franca do Campo,T,HM,T,Total,10 181,10181,2025
1910112,Murtosa,T,HM,T,Total,10 393,10393,2025
1941810,Oliveira de Frades,T,HM,T,Total,10 502,10502,2025
1C40711,Reguengos de Monsaraz,T,HM,T,Total,10 599,10599,2025
1111606,Ponte da Barca,T,HM,T,Total,11 115,11115,2025
1941814,Santa Comba Dão,T,HM,T,Total,11 140,11140,2025
1941817,Sátão,T,HM,T,Total,11 295,11295,2025
1920601,Arganil,T,HM,T,Total,11 437,11437,2025
3003101,Calheta (R.A.M.),T,HM,T,Total,11 611,11611,2025
1190311,Vieira do Minho,T,HM,T,Total,11 657,11657,2025
1920616,Tábua,T,HM,T,Total,11 670,11670,2025
11B1713,Vila Pouca de Aguiar,T,HM,T,Total,11 794,11794,2025
1910117,Sever do Vouga,T,HM,T,Total,11 817,11817,2025
1D11112,Sobral de Monte Agraço,T,HM,T,Total,11 858,11858,2025
1C11501,Alcácer do Sal,T,HM,T,Total,11 961,11961,2025
1960906,Gouveia,T,HM,T,Total,11 963,11963,2025
1931003,Ansião,T,HM,T,Total,12 251,12251,2025
1500812,São Brás de Alportel,T,HM,T,Total,12 305,12305,2025
1920609,Miranda do Corvo,T,HM,T,Total,12 308,12308,2025
1920608,Mira,T,HM,T,Total,12 684,12684,2025
1C40704,Estremoz,T,HM,T,Total,12 858,12858,2025
1C40712,Vendas Novas,T,HM,T,Total,12 860,12860,2025
1920613,Penacova,T,HM,T,Total,13 105,13105,2025
3003107,Ribeira Brava,T,HM,T,Total,13 172,13172,2025
1D21402,Alcanena,T,HM,T,Total,13 313,13313,2025
1941803,Castro Daire,T,HM,T,Total,13 400,13400,2025
1C20210,Moura,T,HM,T,Total,13 615,13615,2025
11E0405,Macedo de Cavaleiros,T,HM,T,Total,13 846,13846,2025
1D11012,Óbidos,T,HM,T,Total,13 912,13912,2025
1941809,Nelas,T,HM,T,Total,13 941,13941,2025
11B1712,Valpaços,T,HM,T,Total,14 247,14247,2025
1D11104,Cadaval,T,HM,T,Total,14 280,14280,2025
1D11005,Bombarral,T,HM,T,Total,14 366,14366,2025
11D1708,Peso da Régua,T,HM,T,Total,14 421,14421,2025
1C20213,Serpa,T,HM,T,Total,14 428,14428,2025
2004201,Lagoa (R.A.A.),T,HM,T,Total,14 577,14577,2025
1950509,Sertã,T,HM,T,Total,15 081,15081,2025
2004701,Horta,T,HM,T,Total,15 173,15173,2025
1C11505,Grândola,T,HM,T,Total,15 319,15319,2025
1190304,Cabeceiras de Basto,T,HM,T,Total,15 490,15490,2025
1111608,Valença,T,HM,T,Total,15 699,15699,2025
1C31213,Ponte de Sor,T,HM,T,Total,15 726,15726,2025
1941816,São Pedro do Sul,T,HM,T,Total,15 867,15867,2025
11C0106,Castelo de Paiva,T,HM,T,Total,15 875,15875,2025
1D11102,Arruda dos Vinhos,T,HM,T,Total,16 018,16018,2025
11C0305,Celorico de Basto,T,HM,T,Total,16 260,16260,2025
1C40706,Montemor-o-Novo,T,HM,T,Total,16 616,16616,2025
1C11513,Sines,T,HM,T,Total,16 943,16943,2025
11C1302,Baião,T,HM,T,Total,16 972,16972,2025
1931004,Batalha,T,HM,T,Total,17 040,17040,2025
1D11011,Nazaré,T,HM,T,Total,17 067,17067,2025
1111602,Caminha,T,HM,T,Total,17 173,17173,2025
11C1804,Cinfães,T,HM,T,Total,17 485,17485,2025
1920615,Soure,T,HM,T,Total,17 493,17493,2025
1920604,Condeixa-a-Nova,T,HM,T,Total,17 703,17703,2025
1D31409,Coruche,T,HM,T,Total,17 986,17986,2025
1920607,Lousã,T,HM,T,Total,18 143,18143,2025
1111604,Monção,T,HM,T,Total,18 230,18230,2025
1941806,Mangualde,T,HM,T,Total,19 479,19479,2025
1120301,Amares,T,HM,T,Total,19 739,19739,2025
2004302,Vila da Praia da Vitória,T,HM,T,Total,19 848,19848,2025
1920111,Mealhada,T,HM,T,Total,19 948,19948,2025
1920611,Oliveira do Hospital,T,HM,T,Total,20 047,20047,2025
1B01502,Alcochete,T,HM,T,Total,20 407,20407,2025
1111601,Arcos de Valdevez,T,HM,T,Total,20 450,20450,2025
3003104,Machico,T,HM,T,Total,20 812,20812,2025
11A0104,Arouca,T,HM,T,Total,21 459,21459,2025
1960912,Seia,T,HM,T,Total,21 597,21597,2025
11E0407,Mirandela,T,HM,T,Total,21 761,21761,2025
1C31207,Elvas,T,HM,T,Total,21 929,21929,2025
11A0119,Vale de Cambra,T,HM,T,Total,22 066,22066,2025
1500816,Vila Real de Santo António,T,HM,T,Total,22 349,22349,2025
1190309,Póvoa de Lanhoso,T,HM,T,Total,22 746,22746,2025
1D31103,Azambuja,T,HM,T,Total,22 755,22755,2025
1D31415,Salvaterra de Magos,T,HM,T,Total,23 952,23952,2025
11A0116,São João da Madeira,T,HM,T,Total,23 991,23991,2025
1C31214,Portalegre,T,HM,T,Total,24 025,24025,2025
1D31403,Almeirim,T,HM,T,Total,24 167,24167,2025
1D21410,Entroncamento,T,HM,T,Total,24 743,24743,2025
11D1805,Lamego,T,HM,T,Total,24 768,24768,2025
1931016,Porto de Mós,T,HM,T,Total,25 057,25057,2025
1920610,Montemor-o-Velho,T,HM,T,Total,25 301,25301,2025
1D31414,Rio Maior,T,HM,T,Total,25 412,25412,2025
1D31406,Cartaxo,T,HM,T,Total,25 413,25413,2025
1190314,Vizela,T,HM,T,Total,25 437,25437,2025
1910118,Vagos,T,HM,T,Total,25 524,25524,2025
1910114,Oliveira do Bairro,T,HM,T,Total,25 698,25698,2025
1910102,Albergaria-a-Velha,T,HM,T,Total,26 362,26362,2025
1941821,Tondela,T,HM,T,Total,26 912,26912,2025
1910108,Estarreja,T,HM,T,Total,27 746,27746,2025
1960504,Fundão,T,HM,T,Total,27 754,27754,2025
1500806,Lagoa,T,HM,T,Total,28 548,28548,2025
1910103,Anadia,T,HM,T,Total,29 259,29259,2025
1D11108,Lourinhã,T,HM,T,Total,30 056,30056,2025
1C11509,Santiago do Cacém,T,HM,T,Total,30 226,30226,2025
1D11014,Peniche,T,HM,T,Total,30 262,30262,2025
2004205,Ribeira Grande,T,HM,T,Total,32 060,32060,2025
11A0107,Espinho,T,HM,T,Total,32 455,32455,2025
3003102,Câmara de Lobos,T,HM,T,Total,32 808,32808,2025
1500814,Tavira,T,HM,T,Total,33 006,33006,2025
1D31405,Benavente,T,HM,T,Total,33 923,33923,2025
2004301,Angra do Heroísmo,T,HM,T,Total,34 774,34774,2025
1920602,Cantanhede,T,HM,T,Total,35 779,35779,2025
1D21401,Abrantes,T,HM,T,Total,36 106,36106,2025
1D21419,Torres Novas,T,HM,T,Total,36 208,36208,2025
1D21418,Tomar,T,HM,T,Total,37 971,37971,2025
11B1703,Chaves,T,HM,T,Total,38 014,38014,2025
11E0402,Bragança,T,HM,T,Total,38 309,38309,2025
1120306,Esposende,T,HM,T,Total,39 069,39069,2025
1C20205,Beja,T,HM,T,Total,39 627,39627,2025
1960907,Guarda,T,HM,T,Total,40 687,40687,2025
1500807,Lagos,T,HM,T,Total,40 729,40729,2025
11A1318,Trofa,T,HM,T,Total,41 512,41512,2025
1111607,Ponte de Lima,T,HM,T,Total,42 933,42933,2025
1910110,Ílhavo,T,HM,T,Total,43 297,43297,2025
1C10211,Odemira,T,HM,T,Total,44 043,44043,2025
3003108,Santa Cruz,T,HM,T,Total,44 132,44132,2025
1931010,Marinha Grande,T,HM,T,Total,45 511,45511,2025
1500813,Silves,T,HM,T,Total,45 884,45884,2025
1500810,Olhão,T,HM,T,Total,48 826,48826,2025
1D21421,Ourém,T,HM,T,Total,48 834,48834,2025
1120313,Vila Verde,T,HM,T,Total,49 649,49649,2025
1190307,Fafe,T,HM,T,Total,50 392,50392,2025
11C1305,Lousada,T,HM,T,Total,50 476,50476,2025
1910101,Águeda,T,HM,T,Total,50 635,50635,2025
1D11101,Alenquer,T,HM,T,Total,50 718,50718,2025
11C1307,Marco de Canaveses,T,HM,T,Total,50 838,50838,2025
1960503,Covilhã,T,HM,T,Total,51 045,51045,2025
11C1301,Amarante,T,HM,T,Total,52 669,52669,2025
11D1714,Vila Real,T,HM,T,Total,52 964,52964,2025
1931015,Pombal,T,HM,T,Total,54 992,54992,2025
11C1303,Felgueiras,T,HM,T,Total,57 432,57432,2025
11C1309,Paços de Ferreira,T,HM,T,Total,57 467,57467,2025
1910115,Ovar,T,HM,T,Total,58 091,58091,2025
1950502,Castelo Branco,T,HM,T,Total,58 197,58197,2025
1C40705,Évora,T,HM,T,Total,58 567,58567,2025
1D11006,Caldas da Rainha,T,HM,T,Total,58 983,58983,2025
1B01511,Sesimbra,T,HM,T,Total,59 440,59440,2025
1D11001,Alcobaça,T,HM,T,Total,60 881,60881,2025
1500801,Albufeira,T,HM,T,Total,63 375,63375,2025
1920605,Figueira da Foz,T,HM,T,Total,65 852,65852,2025
1B01507,Montijo,T,HM,T,Total,68 064,68064,2025
1D31416,Santarém,T,HM,T,Total,69 392,69392,2025
11A1314,Santo Tirso,T,HM,T,Total,69 810,69810,2025
11A0113,Oliveira de Azeméis,T,HM,T,Total,70 027,70027,2025
2004203,Ponta Delgada,T,HM,T,Total,71 695,71695,2025
11C1311,Penafiel,T,HM,T,Total,71 719,71719,2025
11A1313,Póvoa de Varzim,T,HM,T,Total,72 364,72364,2025
1B01508,Palmela,T,HM,T,Total,77 044,77044,2025
1500811,Portimão,T,HM,T,Total,78 125,78125,2025
1B01506,Moita,T,HM,T,Total,78 541,78541,2025
1500805,Faro,T,HM,T,Total,80 256,80256,2025
11B,Alto Tâmega e Barroso,T,HM,T,Total,83 364,83364,2025
11A1316,Vila do Conde,T,HM,T,Total,86 245,86245,2025
11A1310,Paredes,T,HM,T,Total,88 858,88858,2025
1910105,Aveiro,T,HM,T,Total,91 397,91397,2025
1B01504,Barreiro,T,HM,T,Total,91 766,91766,2025
1111609,Viana do Castelo,T,HM,T,Total,92 860,92860,2025
1500808,Loulé,T,HM,T,Total,94 447,94447,2025
1D11113,Torres Vedras,T,HM,T,Total,94 886,94886,2025
1A01109,Mafra,T,HM,T,Total,96 146,96146,2025
11A1315,Valongo,T,HM,T,Total,98 930,98930,2025
195,Beira Baixa,T,HM,T,Total,104 118,104118,2025
1C3,Alto Alentejo,T,HM,T,Total,108 485,108485,2025
11E,Terras de Trás-os-Montes,T,HM,T,Total,108 951,108951,2025
1941823,Viseu,T,HM,T,Total,109 166,109166,2025
3003103,Funchal,T,HM,T,Total,113 443,113443,2025
1C1,Alentejo Litoral,T,HM,T,Total,118 492,118492,2025
1120302,Barcelos,T,HM,T,Total,122 487,122487,2025
1C2,Baixo Alentejo,T,HM,T,Total,125 767,125767,2025
1B01512,Setúbal,T,HM,T,Total,141 266,141266,2025
11A1306,Maia,T,HM,T,Total,142 129,142129,2025
11A0109,Santa Maria da Feira,T,HM,T,Total,142 676,142676,2025
1190312,Vila Nova de Famalicão,T,HM,T,Total,143 801,143801,2025
1931009,Leiria,T,HM,T,Total,145 861,145861,2025
1A01114,Vila Franca de Xira,T,HM,T,Total,152 007,152007,2025
1920603,Coimbra,T,HM,T,Total,156 359,156359,2025
1C4,Alentejo Central,T,HM,T,Total,161 642,161642,2025
1190308,Guimarães,T,HM,T,Total,165 554,165554,2025
11A1304,Gondomar,T,HM,T,Total,170 597,170597,2025
11A1308,Matosinhos,T,HM,T,Total,181 930,181930,2025
11D,Douro,T,HM,T,Total,184 167,184167,2025
1A01116,Odivelas,T,HM,T,Total,185 736,185736,2025
1A01110,Oeiras,T,HM,T,Total,188 056,188056,2025
1B01510,Seixal,T,HM,T,Total,198 254,198254,2025
1B01503,Almada,T,HM,T,Total,202 896,202896,2025
1A01115,Amadora,T,HM,T,Total,205 517,205517,2025
1120303,Braga,T,HM,T,Total,212 635,212635,2025
196,Beiras e Serra da Estrela,T,HM,T,Total,213 085,213085,2025
1D2,Médio Tejo,T,HM,T,Total,227 067,227067,2025
1A01107,Loures,T,HM,T,Total,236 988,236988,2025
1A01105,Cascais,T,HM,T,Total,242 619,242619,2025
111,Alto Minho,T,HM,T,Total,244 343,244343,2025
2,Região Autónoma dos Açores,T,HM,T,Total,245 328,245328,2025
20,Região Autónoma dos Açores,T,HM,T,Total,245 328,245328,2025
200,Região Autónoma dos Açores,T,HM,T,Total,245 328,245328,2025
1D3,Lezíria do Tejo,T,HM,T,Total,265 049,265049,2025
3,Região Autónoma da Madeira,T,HM,T,Total,266 130,266130,2025
30,Região Autónoma da Madeira,T,HM,T,Total,266 130,266130,2025
300,Região Autónoma da Madeira,T,HM,T,Total,266 130,266130,2025
194,Viseu Dão Lafões,T,HM,T,Total,267 430,267430,2025
11A1312,Porto,T,HM,T,Total,273 476,273476,2025
193,Região de Leiria,T,HM,T,Total,319 032,319032,2025
11A1317,Vila Nova de Gaia,T,HM,T,Total,323 202,323202,2025
191,Região de Aveiro,T,HM,T,Total,400 219,400219,2025
1D1,Oeste,T,HM,T,Total,413 287,413287,2025
11C,Tâmega e Sousa,T,HM,T,Total,416 728,416728,2025
119,Ave,T,HM,T,Total,441 329,441329,2025
112,Cávado,T,HM,T,Total,449 945,449945,2025
1A01111,Sintra,T,HM,T,Total,449 956,449956,2025
192,Região de Coimbra,T,HM,T,Total,467 375,467375,2025
1C,Alentejo,T,HM,T,Total,514 386,514386,2025
15,Algarve,T,HM,T,Total,578 032,578032,2025
150,Algarve,T,HM,T,Total,578 032,578032,2025
1A01106,Lisboa,T,HM,T,Total,658 236,658236,2025
1D,Oeste e Vale do Tejo,T,HM,T,Total,905 403,905403,2025
1B,Península de Setúbal,T,HM,T,Total,937 678,937678,2025
1B0,Península de Setúbal,T,HM,T,Total,937 678,937678,2025
19,Centro,T,HM,T,Total,1 771 259,1771259,2025
11A,Área Metropolitana do Porto,T,HM,T,Total,1 861 727,1861727,2025
1A,Grande Lisboa,T,HM,T,Total,2 415 261,2415261,2025
1A0,Grande Lisboa,T,HM,T,Total,2 415 261,2415261,2025
11,Norte,T,HM,T,Total,3 790 554,3790554,2025
1,Continente,T,HM,T,Total,10 912 573,10912573,2025
PT,Portugal,T,HM,T,Total,11 424 031,11424031,2025
