municipality_code,region_code,municipality,long_term_rent,long_term_rent_2020,population,group,rent_growth_pct
1605,111,Paredes de Coura,4.55,2.75,8721,Rest of Portugal,65.45454545454545
1009,193,Leiria,7.97,4.75,145861,Rest of Portugal,67.7894736842105
1010,193,Marinha Grande,6.44,3.78,45511,Rest of Portugal,70.3703703703704
1015,193,Pombal,5.75,3.4,54992,Rest of Portugal,69.11764705882352
1016,193,Porto de Mós,5.63,3.17,25057,Rest of Portugal,77.602523659306
1802,194,Carregal do Sal,4.62,2.71,9597,Rest of Portugal,70.47970479704797
1803,194,Castro Daire,4.78,2.57,13400,Rest of Portugal,85.9922178988327
1806,194,Mangualde,4.92,2.69,19479,Rest of Portugal,82.89962825278812
1809,194,Nelas,4.91,2.69,13941,Rest of Portugal,82.5278810408922
1810,194,Oliveira de Frades,4.77,2.93,10502,Rest of Portugal,62.79863481228667
1814,194,Santa Comba Dão,4.93,2.8,11140,Rest of Portugal,76.07142857142857
1816,194,São Pedro do Sul,6.18,3.16,15867,Rest of Portugal,95.56962025316453
1817,194,Sátão,3.76,2.2,11295,Rest of Portugal,70.90909090909088
1821,194,Tondela,5.84,3.26,26912,Rest of Portugal,79.14110429447854
1823,194,Viseu,6.83,4.12,109166,Rest of Portugal,65.77669902912622
1824,194,Vouzela,6.18,3.39,9668,Rest of Portugal,82.30088495575221
0509,195,Sertã,4.5,2.69,15081,Rest of Portugal,67.28624535315986
0502,195,Castelo Branco,5.32,3.29,58197,Rest of Portugal,61.70212765957448
0508,195,Proença-a-Nova,4.06,2.36,6960,Rest of Portugal,72.03389830508473
0501,196,Belmonte,3.65,2.0,6173,Rest of Portugal,82.5
0503,196,Covilhã,6.23,3.51,51045,Rest of Portugal,77.49287749287753
0504,196,Fundão,4.86,2.82,27754,Rest of Portugal,72.3404255319149
0902,196,Almeida,2.85,1.99,5551,Rest of Portugal,43.21608040201006
0903,196,Celorico da Beira,3.1,1.77,6545,Rest of Portugal,75.14124293785312
0906,196,Gouveia,3.68,2.32,11963,Rest of Portugal,58.62068965517244
0907,196,Guarda,5.26,3.13,40687,Rest of Portugal,68.05111821086263
1712,11B,Valpaços,3.81,2.4,14247,Rest of Portugal,58.750000000000014
1713,11B,Vila Pouca de Aguiar,4.0,2.97,11794,Rest of Portugal,34.680134680134664
1703,11B,Chaves,5.41,3.38,38014,Rest of Portugal,60.059171597633146
0106,11C,Castelo de Paiva,4.2,2.91,15875,Rest of Portugal,44.329896907216494
0305,11C,Celorico de Basto,3.75,2.55,16260,Rest of Portugal,47.058823529411775
1301,11C,Amarante,4.84,2.76,52669,Rest of Portugal,75.36231884057972
1302,11C,Baião,4.26,2.66,16972,Rest of Portugal,60.150375939849596
1303,11C,Felgueiras,4.37,2.62,57432,Rest of Portugal,66.79389312977099
1305,11C,Lousada,4.86,2.66,50476,Rest of Portugal,82.70676691729324
1307,11C,Marco de Canaveses,4.88,2.5,50838,Rest of Portugal,95.19999999999999
1808,192,Mortágua,4.48,2.54,9185,Rest of Portugal,76.37795275590553
1002,193,Alvaiázere,4.51,2.42,6413,Rest of Portugal,86.36363636363636
1003,193,Ansião,5.0,2.86,12251,Rest of Portugal,74.82517482517483
1004,193,Batalha,6.48,3.53,17040,Rest of Portugal,83.56940509915016
0211,1C1,Odemira,6.84,4.58,44043,Rest of Portugal,49.344978165938855
1501,1C1,Alcácer do Sal,7.81,4.02,11961,Rest of Portugal,94.27860696517413
1505,1C1,Grândola,11.13,4.87,15319,Rest of Portugal,128.54209445585218
1509,1C1,Santiago do Cacém,9.89,4.36,30226,Rest of Portugal,126.83486238532109
1513,1C1,Sines,15.07,5.81,16943,Rest of Portugal,159.38037865748714
0201,1C2,Aljustrel,6.94,3.73,9319,Rest of Portugal,86.05898123324398
0202,1C2,Almodôvar,5.27,3.38,7033,Rest of Portugal,55.91715976331359
0205,1C2,Beja,6.8,4.35,39627,Rest of Portugal,56.32183908045978
0206,1C2,Castro Verde,5.63,3.99,7096,Rest of Portugal,41.10275689223057
0208,1C2,Ferreira do Alentejo,5.0,3.41,9625,Rest of Portugal,46.6275659824047
0210,1C2,Moura,4.82,3.23,13615,Rest of Portugal,49.226006191950475
0213,1C2,Serpa,4.35,3.33,14428,Rest of Portugal,30.630630630630606
0214,1C2,Vidigueira,4.0,2.93,5513,Rest of Portugal,36.518771331058005
1204,1C3,Campo Maior,3.27,2.38,8264,Rest of Portugal,37.39495798319328
1207,1C3,Elvas,4.93,3.1,21929,Rest of Portugal,59.03225806451611
1213,1C3,Ponte de Sor,5.22,3.3,15726,Rest of Portugal,58.18181818181818
1214,1C3,Portalegre,4.96,2.88,24025,Rest of Portugal,72.22222222222223
0702,1C4,Arraiolos,5.09,3.29,6857,Rest of Portugal,54.7112462006079
0703,1C4,Borba,3.03,2.62,6542,Rest of Portugal,15.64885496183206
0705,1C4,Évora,8.72,5.47,58567,Rest of Portugal,59.414990859232184
0706,1C4,Montemor-o-Novo,5.65,3.64,16616,Rest of Portugal,55.219780219780226
0710,1C4,Redondo,4.28,2.9,6431,Rest of Portugal,47.58620689655173
0711,1C4,Reguengos de Monsaraz,5.21,3.32,10599,Rest of Portugal,56.92771084337349
0704,1C4,Estremoz,4.78,3.01,12858,Rest of Portugal,58.80398671096347
1503,1B0,Almada,13.71,8.02,202896,Around Lisbon & Porto,70.94763092269329
1504,1B0,Barreiro,11.72,6.27,91766,Around Lisbon & Porto,86.92185007974484
1506,1B0,Moita,10.46,5.13,78541,Around Lisbon & Porto,103.89863547758287
1507,1B0,Montijo,10.19,6.16,68064,Around Lisbon & Porto,65.4220779220779
1508,1B0,Palmela,9.94,5.34,77044,Around Lisbon & Porto,86.14232209737827
1502,1B0,Alcochete,10.68,5.92,20407,Around Lisbon & Porto,80.40540540540539
1510,1B0,Seixal,11.44,6.5,198254,Around Lisbon & Porto,76.0
1511,1B0,Sesimbra,10.19,5.5,59440,Around Lisbon & Porto,85.27272727272725
1512,1B0,Setúbal,11.2,6.43,141266,Around Lisbon & Porto,74.18351477449457
1601,111,Arcos de Valdevez,5.29,2.79,20450,Rest of Portugal,89.6057347670251
1602,111,Caminha,6.67,4.0,17173,Rest of Portugal,66.75
1604,111,Monção,6.67,3.27,18230,Rest of Portugal,103.97553516819573
1606,111,Ponte da Barca,4.43,2.72,11115,Rest of Portugal,62.86764705882351
1607,111,Ponte de Lima,6.14,3.39,42933,Rest of Portugal,81.12094395280234
1608,111,Valença,5.65,3.37,15699,Rest of Portugal,67.65578635014838
1609,111,Viana do Castelo,7.8,4.44,92860,Rest of Portugal,75.67567567567566
1610,111,Vila Nova de Cerveira,4.98,3.13,10051,Rest of Portugal,59.105431309904176
0301,112,Amares,6.06,3.03,19739,Rest of Portugal,100.0
0302,112,Barcelos,6.59,3.76,122487,Rest of Portugal,75.2659574468085
0303,112,Braga,8.68,5.36,212635,Rest of Portugal,61.94029850746268
0306,112,Esposende,7.78,4.44,39069,Rest of Portugal,75.22522522522522
0313,112,Vila Verde,6.01,3.28,49649,Rest of Portugal,83.23170731707317
0304,119,Cabeceiras de Basto,4.43,2.63,15490,Rest of Portugal,68.44106463878326
0307,119,Fafe,4.84,2.75,50392,Rest of Portugal,76.0
0308,119,Guimarães,6.92,3.72,165554,Rest of Portugal,86.02150537634408
0309,119,Póvoa de Lanhoso,5.0,2.52,22746,Rest of Portugal,98.41269841269842
0311,119,Vieira do Minho,5.7,3.08,11657,Rest of Portugal,85.06493506493507
0312,119,Vila Nova de Famalicão,6.9,3.6,143801,Rest of Portugal,91.66666666666667
0314,119,Vizela,5.51,3.14,25437,Rest of Portugal,75.47770700636943
1705,119,Mondim de Basto,3.85,2.46,6252,Rest of Portugal,56.50406504065042
0119,11A,Vale de Cambra,5.84,3.41,22066,Around Lisbon & Porto,71.26099706744866
1306,11A,Maia,9.85,5.89,142129,Around Lisbon & Porto,67.23259762309
1308,11A,Matosinhos,12.48,7.72,181930,Around Lisbon & Porto,61.65803108808292
1310,11A,Paredes,5.84,3.39,88858,Around Lisbon & Porto,72.27138643067845
0113,11A,Oliveira de Azeméis,5.81,3.28,70027,Around Lisbon & Porto,77.1341463414634
0116,11A,São João da Madeira,7.3,4.04,23991,Around Lisbon & Porto,80.6930693069307
1304,11A,Gondomar,9.03,5.22,170597,Around Lisbon & Porto,72.98850574712642
1317,11A,Vila Nova de Gaia,10.85,6.4,323202,Around Lisbon & Porto,69.53124999999997
1312,11A,Porto,14.48,9.09,273476,Lisbon & Porto,59.295929592959304
1313,11A,Póvoa de Varzim,9.09,5.15,72364,Around Lisbon & Porto,76.50485436893202
1309,11C,Paços de Ferreira,5.54,3.07,57467,Rest of Portugal,80.45602605863193
1311,11C,Penafiel,5.74,3.07,71719,Rest of Portugal,86.97068403908797
1804,11C,Cinfães,4.24,2.6,17485,Rest of Portugal,63.07692307692307
0409,11D,Torre de Moncorvo,3.13,2.56,6507,Rest of Portugal,22.265625
0914,11D,Vila Nova de Foz Côa,3.01,2.08,5812,Rest of Portugal,44.71153846153844
1708,11D,Peso da Régua,4.76,3.49,14421,Rest of Portugal,36.389684813753576
1714,11D,Vila Real,6.29,3.87,52964,Rest of Portugal,62.53229974160206
1805,11D,Lamego,4.88,2.86,24768,Rest of Portugal,70.62937062937063
1807,11D,Moimenta da Beira,3.61,2.02,9893,Rest of Portugal,78.71287128712872
1820,11D,Tarouca,3.25,2.19,7448,Rest of Portugal,48.40182648401827
0402,11E,Bragança,5.0,3.1,38309,Rest of Portugal,61.29032258064515
0405,11E,Macedo de Cavaleiros,3.75,2.1,13846,Rest of Portugal,78.57142857142856
0406,11E,Miranda do Douro,3.5,2.3,6065,Rest of Portugal,52.17391304347827
0407,11E,Mirandela,4.16,2.89,21761,Rest of Portugal,43.9446366782007
0408,11E,Mogadouro,2.92,2.53,8048,Rest of Portugal,15.41501976284585
0410,11E,Vila Flor,2.72,1.74,5773,Rest of Portugal,56.32183908045978
0801,150,Albufeira,12.22,7.33,63375,Rest of Portugal,66.71214188267396
0803,150,Aljezur,8.99,5.21,7456,Rest of Portugal,72.552783109405
0805,150,Faro,10.29,6.46,80256,Rest of Portugal,59.28792569659442
0806,150,Lagoa,9.93,5.65,28548,Rest of Portugal,75.75221238938053
0807,150,Lagos,12.77,7.14,40729,Rest of Portugal,78.85154061624651
0808,150,Loulé,12.33,7.48,94447,Rest of Portugal,64.83957219251334
0809,150,Monchique,7.41,4.1,5611,Rest of Portugal,80.7317073170732
0810,150,Olhão,8.75,5.47,48826,Rest of Portugal,59.96343692870201
0910,196,Pinhel,2.94,1.96,8040,Rest of Portugal,50.0
0911,196,Sabugal,3.29,2.61,9368,Rest of Portugal,26.053639846743295
0912,196,Seia,4.13,2.66,21597,Rest of Portugal,55.263157894736835
0913,196,Trancoso,3.67,1.73,8022,Rest of Portugal,112.13872832369943
1105,1A0,Cascais,16.83,10.81,242619,Around Lisbon & Porto,55.68917668825159
1107,1A0,Loures,12.15,7.24,236988,Around Lisbon & Porto,67.81767955801105
1109,1A0,Mafra,10.97,6.02,96146,Around Lisbon & Porto,82.22591362126248
1111,1A0,Sintra,11.41,6.85,449956,Around Lisbon & Porto,66.56934306569345
1106,1A0,Lisbon,17.43,12.08,658236,Lisbon & Porto,44.28807947019868
1114,1A0,Vila Franca de Xira,11.03,6.27,152007,Around Lisbon & Porto,75.9170653907496
1115,1A0,Amadora,13.3,8.5,205517,Around Lisbon & Porto,56.470588235294116
1116,1A0,Odivelas,12.9,7.75,185736,Around Lisbon & Porto,66.45161290322581
1405,1D3,Benavente,8.05,4.25,33923,Rest of Portugal,89.41176470588236
1406,1D3,Cartaxo,6.45,3.61,25413,Rest of Portugal,78.67036011080333
1407,1D3,Chamusca,4.03,2.67,8673,Rest of Portugal,50.93632958801499
1409,1D3,Coruche,6.67,3.54,17986,Rest of Portugal,88.4180790960452
1412,1D3,Golegã,5.02,3.31,5650,Rest of Portugal,51.66163141993956
1414,1D3,Rio Maior,5.9,3.76,25412,Rest of Portugal,56.91489361702129
1415,1D3,Salvaterra de Magos,5.98,3.82,23952,Rest of Portugal,56.544502617801065
1416,1D3,Santarém,7.71,4.0,69392,Rest of Portugal,92.75
1410,1D2,Entroncamento,7.28,3.6,24743,Rest of Portugal,102.22222222222221
1411,1D2,Ferreira do Zêzere,5.22,2.96,8113,Rest of Portugal,76.35135135135134
1418,1D2,Tomar,7.22,3.87,37971,Rest of Portugal,86.56330749354004
1419,1D2,Torres Novas,6.66,3.47,36208,Rest of Portugal,91.93083573487031
1420,1D2,Vila Nova da Barquinha,5.57,3.23,7742,Rest of Portugal,72.44582043343655
1421,1D2,Ourém,6.9,3.7,48834,Rest of Portugal,86.48648648648648
1103,1D3,Azambuja,7.92,4.8,22755,Rest of Portugal,65.00000000000001
1403,1D3,Almeirim,6.99,3.34,24167,Rest of Portugal,109.28143712574854
1404,1D3,Alpiarça,5.21,2.76,7726,Rest of Portugal,88.768115942029
0712,1C4,Vendas Novas,7.07,3.74,12860,Rest of Portugal,89.03743315508021
0714,1C4,Vila Viçosa,4.44,3.22,7368,Rest of Portugal,37.888198757763966
1113,1D1,Torres Vedras,8.89,5.26,94886,Rest of Portugal,69.01140684410647
1001,1D1,Alcobaça,7.0,3.68,60881,Rest of Portugal,90.21739130434783
1005,1D1,Bombarral,6.91,3.3,14366,Rest of Portugal,109.39393939393942
1006,1D1,Caldas da Rainha,8.42,4.6,58983,Rest of Portugal,83.04347826086958
1011,1D1,Nazaré,9.05,4.18,17067,Rest of Portugal,116.50717703349285
1012,1D1,Óbidos,8.67,4.1,13912,Rest of Portugal,111.46341463414635
1014,1D1,Peniche,7.96,4.51,30262,Rest of Portugal,76.49667405764968
1101,1D1,Alenquer,8.79,4.66,50718,Rest of Portugal,88.62660944206007
1102,1D1,Arruda dos Vinhos,7.87,4.84,16018,Rest of Portugal,62.603305785123965
1104,1D1,Cadaval,6.26,3.0,14280,Rest of Portugal,108.66666666666664
1108,1D1,Lourinhã,7.39,4.23,30056,Rest of Portugal,74.70449172576829
1112,1D1,Sobral de Monte Agraço,7.1,3.98,11858,Rest of Portugal,78.39195979899496
1401,1D2,Abrantes,5.91,3.04,36106,Rest of Portugal,94.4078947368421
1402,1D2,Alcanena,5.0,2.85,13313,Rest of Portugal,75.43859649122805
1701,11D,Alijó,3.48,2.56,10096,Rest of Portugal,35.9375
1314,11A,Santo Tirso,5.88,3.16,69810,Around Lisbon & Porto,86.0759493670886
1315,11A,Valongo,8.59,5.24,98930,Around Lisbon & Porto,63.931297709923655
1316,11A,Vila do Conde,8.67,4.75,86245,Around Lisbon & Porto,82.5263157894737
0104,11A,Arouca,5.28,3.54,21459,Around Lisbon & Porto,49.152542372881356
1318,11A,Trofa,7.59,3.97,41512,Around Lisbon & Porto,91.18387909319898
0107,11A,Espinho,10.03,5.85,32455,Around Lisbon & Porto,71.45299145299144
0109,11A,Santa Maria da Feira,6.75,3.8,142676,Around Lisbon & Porto,77.63157894736842
1110,1A0,Oeiras,15.75,10.12,188056,Around Lisbon & Porto,55.6324110671937
0616,192,Tábua,4.56,3.1,11670,Rest of Portugal,47.09677419354836
0617,192,Vila Nova de Poiares,4.9,2.51,7507,Rest of Portugal,95.21912350597613
0811,150,Portimão,11.7,6.89,78125,Rest of Portugal,69.81132075471699
0812,150,São Brás de Alportel,6.93,4.33,12305,Rest of Portugal,60.046189376443415
0813,150,Silves,10.19,5.56,45884,Rest of Portugal,83.27338129496403
0814,150,Tavira,11.46,6.68,33006,Rest of Portugal,71.55688622754492
0815,150,Vila do Bispo,9.36,6.14,7078,Rest of Portugal,52.44299674267101
0816,150,Vila Real de Santo António,9.92,6.16,22349,Rest of Portugal,61.03896103896103
0101,191,Águeda,6.26,3.68,50635,Rest of Portugal,70.1086956521739
0102,191,Albergaria-a-Velha,6.78,3.71,26362,Rest of Portugal,82.74932614555257
0103,191,Anadia,5.96,3.43,29259,Rest of Portugal,73.7609329446064
0105,191,Aveiro,9.75,6.11,91397,Rest of Portugal,59.57446808510638
0108,191,Estarreja,6.11,3.61,27746,Rest of Portugal,69.25207756232687
0110,191,Ílhavo,8.4,4.95,43297,Rest of Portugal,69.6969696969697
0804,150,Castro Marim,9.18,5.7,7570,Rest of Portugal,61.052631578947356
0112,191,Murtosa,6.24,3.87,10393,Rest of Portugal,61.240310077519375
0114,191,Oliveira do Bairro,6.13,3.53,25698,Rest of Portugal,73.6543909348442
0115,191,Ovar,7.5,4.41,58091,Rest of Portugal,70.06802721088434
0117,191,Sever do Vouga,4.61,2.82,11817,Rest of Portugal,63.47517730496457
0118,191,Vagos,6.34,3.58,25524,Rest of Portugal,77.09497206703911
0111,192,Mealhada,5.35,3.3,19948,Rest of Portugal,62.12121212121211
0601,192,Arganil,4.53,2.93,11437,Rest of Portugal,54.607508532423196
0602,192,Cantanhede,6.0,3.5,35779,Rest of Portugal,71.42857142857142
0603,192,Coimbra,9.44,6.06,156359,Rest of Portugal,55.775577557755774
0604,192,Condeixa-a-Nova,6.54,3.71,17703,Rest of Portugal,76.28032345013477
0605,192,Figueira da Foz,8.2,4.41,65852,Rest of Portugal,85.9410430839002
0607,192,Lousã,5.48,2.96,18143,Rest of Portugal,85.13513513513516
0608,192,Mira,6.3,2.99,12684,Rest of Portugal,110.70234113712374
0609,192,Miranda do Corvo,6.4,2.79,12308,Rest of Portugal,129.3906810035842
0610,192,Montemor-o-Velho,6.45,3.41,25301,Rest of Portugal,89.14956011730204
0611,192,Oliveira do Hospital,4.56,2.73,20047,Rest of Portugal,67.03296703296702
0615,192,Soure,5.9,2.89,17493,Rest of Portugal,104.15224913494812
